#
# There is insufficient memory for the Java Runtime Environment to continue.
# Native memory allocation (mmap) failed to map 71303168 bytes for G1 virtual space
# Possible reasons:
#   The system is out of physical RAM or swap space
#   The process is running with CompressedOops enabled, and the Java Heap may be blocking the growth of the native heap
# Possible solutions:
#   Reduce memory load on the system
#   Increase physical memory or swap space
#   Check if swap backing store is full
#   Decrease Java heap size (-Xmx/-Xms)
#   Decrease number of Java threads
#   Decrease Java thread stack sizes (-Xss)
#   Set larger code cache with -XX:ReservedCodeCacheSize=
#   JVM is running with Zero Based Compressed Oops mode in which the Java heap is
#     placed in the first 32GB address space. The Java Heap base address is the
#     maximum limit for the native heap growth. Please use -XX:HeapBaseMinAddress
#     to set the Java Heap base and to place the Java Heap above 32GB virtual address.
# This output file may be truncated or incomplete.
#
#  Out of Memory Error (os_windows.cpp:3600), pid=4204, tid=14260
#
# JRE version: Java(TM) SE Runtime Environment (21.0.2+13) (build 21.0.2+13-LTS-58)
# Java VM: Java HotSpot(TM) 64-Bit Server VM (21.0.2+13-LTS-58, mixed mode, sharing, tiered, compressed oops, compressed class ptrs, g1 gc, windows-amd64)
# No core dump will be written. Minidumps are not enabled by default on client versions of Windows
#

---------------  S U M M A R Y ------------

Command Line: -XX:MaxMetaspaceSize=4G -XX:ReservedCodeCacheSize=512m -XX:+HeapDumpOnOutOfMemoryError --add-opens=java.base/java.util=ALL-UNNAMED --add-opens=java.base/java.lang=ALL-UNNAMED --add-opens=java.base/java.lang.invoke=ALL-UNNAMED --add-opens=java.prefs/java.util.prefs=ALL-UNNAMED --add-exports=jdk.compiler/com.sun.tools.javac.api=ALL-UNNAMED --add-exports=jdk.compiler/com.sun.tools.javac.util=ALL-UNNAMED --add-opens=java.base/java.nio.charset=ALL-UNNAMED --add-opens=java.base/java.net=ALL-UNNAMED --add-opens=java.base/java.util.concurrent.atomic=ALL-UNNAMED -Xmx8G -Dfile.encoding=utf8 -Duser.country=US -Duser.language=en -Duser.variant -javaagent:C:\Users\tqpha\.gradle\wrapper\dists\gradle-8.10.2-all\7iv73wktx1xtkvlq19urqw1wm\gradle-8.10.2\lib\agents\gradle-instrumentation-agent-8.10.2.jar org.gradle.launcher.daemon.bootstrap.GradleDaemon 8.10.2

Host: 12th Gen Intel(R) Core(TM) i7-12700H, 20 cores, 15G,  Windows 11 , 64 bit Build 26100 (10.0.26100.4202)
Time: Sun Jun 29 22:00:30 2025 SE Asia Standard Time elapsed time: 18.614807 seconds (0d 0h 0m 18s)

---------------  T H R E A D  ---------------

Current thread (0x0000018edd162df0):  VMThread "VM Thread"          [id=14260, stack(0x000000618a900000,0x000000618aa00000) (1024K)]

Stack: [0x000000618a900000,0x000000618aa00000]
Native frames: (J=compiled Java code, j=interpreted, Vv=VM code, C=native code)
V  [jvm.dll+0x6cade9]
V  [jvm.dll+0x8569c1]
V  [jvm.dll+0x858d2e]
V  [jvm.dll+0x859413]
V  [jvm.dll+0x280e56]
V  [jvm.dll+0x6c74d5]
V  [jvm.dll+0x6bbeca]
V  [jvm.dll+0x355bca]
V  [jvm.dll+0x35d816]
V  [jvm.dll+0x3ae67e]
V  [jvm.dll+0x3ae928]
V  [jvm.dll+0x3295dc]
V  [jvm.dll+0x32be86]
V  [jvm.dll+0x335dde]
V  [jvm.dll+0x36c045]
V  [jvm.dll+0x85ef18]
V  [jvm.dll+0x860014]
V  [jvm.dll+0x860550]
V  [jvm.dll+0x8607f3]
V  [jvm.dll+0x7ff568]
V  [jvm.dll+0x6c953d]
C  [ucrtbase.dll+0x37b0]
C  [KERNEL32.DLL+0x2e8d7]
C  [ntdll.dll+0x3c34c]

VM_Operation (0x000000618a4ff7f0): G1PauseRemark, mode: safepoint, requested by thread 0x0000018edcfc2010


---------------  P R O C E S S  ---------------

Threads class SMR info:
_java_thread_list=0x0000018f2bf2b860, length=280, elements={
0x0000018ea7a29c80, 0x0000018edd17db50, 0x0000018edd17e5b0, 0x0000018ee0298f40,
0x0000018ee0299fc0, 0x0000018ee029bd30, 0x0000018ee02a9b90, 0x0000018ee02ca930,
0x0000018ee02cb3d0, 0x0000018ee03c7880, 0x0000018ee04bc740, 0x0000018ee04bd460,
0x0000018f26252dd0, 0x0000018f26250150, 0x0000018ee04bad00, 0x0000018ee04bb390,
0x0000018ee04bba20, 0x0000018ee04bc0b0, 0x0000018ee04be180, 0x0000018ee04bcdd0,
0x0000018f27620dd0, 0x0000018f27620740, 0x0000018f27622180, 0x0000018f27621460,
0x0000018f276200b0, 0x0000018f27622ea0, 0x0000018f27623bc0, 0x0000018f276248e0,
0x0000018f27624250, 0x0000018f27622810, 0x0000018f27621af0, 0x0000018f27625600,
0x0000018f27625c90, 0x0000018f27626320, 0x0000018f276269b0, 0x0000018f27623530,
0x0000018f27627040, 0x0000018f276276d0, 0x0000018f293590f0, 0x0000018f293583d0,
0x0000018f29358a60, 0x0000018f29357d40, 0x0000018f2935ab30, 0x0000018f2935b850,
0x0000018f29359780, 0x0000018f2935d290, 0x0000018f2935a4a0, 0x0000018f2935dfb0,
0x0000018f2935e640, 0x0000018f2935ecd0, 0x0000018f2935f360, 0x0000018f29dd7800,
0x0000018f29dd8520, 0x0000018f29dd7e90, 0x0000018f29dd8bb0, 0x0000018f29dd9240,
0x0000018f29dd7170, 0x0000018f29dd5dc0, 0x0000018f29dd98d0, 0x0000018f29dd6450,
0x0000018f29dd9f60, 0x0000018f29dd6ae0, 0x0000018f29ddb9a0, 0x0000018f29ddc030,
0x0000018f29ddb310, 0x0000018f29ddcd50, 0x0000018f29ddac80, 0x0000018f29ddc6c0,
0x0000018f29ddd3e0, 0x0000018f29dda5f0, 0x0000018ee0443070, 0x0000018ee04429e0,
0x0000018ee0444420, 0x0000018ee0440fa0, 0x0000018ee0443d90, 0x0000018ee0441630,
0x0000018ee0444ab0, 0x0000018ee0445140, 0x0000018ee0443700, 0x0000018ee0442350,
0x0000018ee0441cc0, 0x0000018ee04457d0, 0x0000018ee04485c0, 0x0000018ee0446b80,
0x0000018ee04464f0, 0x0000018ee0445e60, 0x0000018ee04478a0, 0x0000018ee0447210,
0x0000018ee0447f30, 0x0000018f28fb5340, 0x0000018f28fb59d0, 0x0000018f28fb66f0,
0x0000018f28fb6060, 0x0000018f28fb6d80, 0x0000018f28fb7410, 0x0000018f28fb7aa0,
0x0000018f28fb8130, 0x0000018f28fb4cb0, 0x0000018f28fb87c0, 0x0000018f28fbb5b0,
0x0000018f28fbc2d0, 0x0000018f28fba200, 0x0000018f28fb8e50, 0x0000018f28fba890,
0x0000018f28fb94e0, 0x0000018f2c28a020, 0x0000018f2c289300, 0x0000018f2c288c70,
0x0000018f2c28a6b0, 0x0000018f2c287230, 0x0000018f2c28ad40, 0x0000018f2c2878c0,
0x0000018f2c28c0f0, 0x0000018f2c28c780, 0x0000018f2c28e1c0, 0x0000018f2c28db30,
0x0000018f2c28ba60, 0x0000018f2c28e850, 0x0000018f2c28b3d0, 0x0000018f2c28ce10,
0x0000018f2c28d4a0, 0x0000018f2d1d5450, 0x0000018f2d1d6e90, 0x0000018f2d1d7bb0,
0x0000018f2d1d6800, 0x0000018f2d1d8f60, 0x0000018f2d1d5ae0, 0x0000018f2d1d95f0,
0x0000018f2d1d7520, 0x0000018f2d1d6170, 0x0000018f2d1d9c80, 0x0000018f2d1da310,
0x0000018f2d1db6c0, 0x0000018f2d1d8240, 0x0000018f2d1dbd50, 0x0000018f2d1da9a0,
0x0000018f2d1db030, 0x0000018f2d1d88d0, 0x0000018f2d1dc3e0, 0x0000018f2d1dca70,
0x0000018f2bf43f70, 0x0000018f2bf466d0, 0x0000018f2bf44600, 0x0000018f2bf46d60,
0x0000018f2bf438e0, 0x0000018f2bf46040, 0x0000018f2bf48110, 0x0000018f2bf44c90,
0x0000018f2bf473f0, 0x0000018f2bf47a80, 0x0000018f2bf487a0, 0x0000018f2bf45320,
0x0000018f2bf48e30, 0x0000018f2bf459b0, 0x0000018f2bf494c0, 0x0000018f2bf49b50,
0x0000018f2bf4a1e0, 0x0000018f2bf4a870, 0x0000018f2bf4af00, 0x0000018f2a49c9c0,
0x0000018f2a49a8f0, 0x0000018f2a49d050, 0x0000018f2a49d6e0, 0x0000018f2a49dd70,
0x0000018f2a49c330, 0x0000018f2a49e400, 0x0000018f2a49af80, 0x0000018f2a49b610,
0x0000018f2a49ea90, 0x0000018f2a49bca0, 0x0000018f2a49f7b0, 0x0000018f2a4a25a0,
0x0000018f2a49f120, 0x0000018f2a49fe40, 0x0000018f2a4a04d0, 0x0000018f2a4a11f0,
0x0000018f2a4a1f10, 0x0000018f2a4a32c0, 0x0000018f2a4a1880, 0x0000018f2a4a3950,
0x0000018f2a4a2c30, 0x0000018f2a4a3fe0, 0x0000018f2a4a0b60, 0x0000018f2a4a7460,
0x0000018f2a4a7af0, 0x0000018f2a4a4670, 0x0000018f2a4a60b0, 0x0000018f2a4a8180,
0x0000018f2a4a6740, 0x0000018f2a4a6dd0, 0x0000018f2a4a5a20, 0x0000018f2a4a5390,
0x0000018f2a4a4d00, 0x0000018f2a4a8810, 0x0000018f2a4a8ea0, 0x0000018f2a4a9530,
0x0000018f2a4a9bc0, 0x0000018f262e35a0, 0x0000018f262e3c30, 0x0000018f262e2f10,
0x0000018f262e2880, 0x0000018f262e42c0, 0x0000018f262e1b60, 0x0000018f262e0e40,
0x0000018f262e07b0, 0x0000018f262e21f0, 0x0000018f262e4950, 0x0000018f262e14d0,
0x0000018f262e7dd0, 0x0000018f262e4fe0, 0x0000018f262e6a20, 0x0000018f262e6390,
0x0000018f262e8460, 0x0000018f262e5670, 0x0000018f262e7740, 0x0000018f262e9180,
0x0000018f262e8af0, 0x0000018f262e5d00, 0x0000018f262ec600, 0x0000018f262eabc0,
0x0000018f262ebf70, 0x0000018f262e9ea0, 0x0000018f262ecc90, 0x0000018f262ea530,
0x0000018f262e9810, 0x0000018f262ed320, 0x0000018f262ed9b0, 0x0000018f262ee040,
0x0000018f262ee6d0, 0x0000018f262eb250, 0x0000018f262eed60, 0x0000018f262eb8e0,
0x0000018f28b76750, 0x0000018f28b76080, 0x0000018f2ce3a4b0, 0x0000018f2ce3b1d0,
0x0000018f2ce3b860, 0x0000018f2ce383e0, 0x0000018f2ce3bef0, 0x0000018f2ce3d930,
0x0000018f2ce3dfc0, 0x0000018f2ce3c580, 0x0000018f2ce3cc10, 0x0000018f2ce3d2a0,
0x0000018f2ce3ab40, 0x0000018f2ce3ece0, 0x0000018f2ce3e650, 0x0000018f2ce3f370,
0x0000018f2ce40090, 0x0000018f2ce3fa00, 0x0000018f2ce40720, 0x0000018f2ce40db0,
0x0000018f2bdb3270, 0x0000018f2bdb3900, 0x0000018f2bdb3f90, 0x0000018f2bdb2550,
0x0000018f2bdb4620, 0x0000018f2bdb11a0, 0x0000018f2bdb4cb0, 0x0000018f2bdb2be0,
0x0000018f2bdb1830, 0x0000018f2bdb5340, 0x0000018f2bdb1ec0, 0x0000018f2bdb66f0,
0x0000018f2bdb6060, 0x0000018f2bdb59d0, 0x0000018f2bdb9b70, 0x0000018f2bdb8e50,
0x0000018f2bdb8130, 0x0000018f2bdb7410, 0x0000018f2bdb87c0, 0x0000018f2bdb94e0,
0x0000018ee08d9c80, 0x0000018f2bdb7aa0, 0x0000018f2bdbcff0, 0x0000018ee08db7c0,
0x0000018f2bdbd680, 0x0000018f2bdbb5b0, 0x0000018f2bdbbc40, 0x0000018f2bdbc2d0
}

Java Threads: ( => current thread )
  0x0000018ea7a29c80 JavaThread "main"                              [_thread_blocked, id=3012, stack(0x000000618a200000,0x000000618a300000) (1024K)]
  0x0000018edd17db50 JavaThread "Reference Handler"          daemon [_thread_blocked, id=21980, stack(0x000000618aa00000,0x000000618ab00000) (1024K)]
  0x0000018edd17e5b0 JavaThread "Finalizer"                  daemon [_thread_blocked, id=22008, stack(0x000000618ab00000,0x000000618ac00000) (1024K)]
  0x0000018ee0298f40 JavaThread "Signal Dispatcher"          daemon [_thread_blocked, id=21948, stack(0x000000618ac00000,0x000000618ad00000) (1024K)]
  0x0000018ee0299fc0 JavaThread "Attach Listener"            daemon [_thread_blocked, id=21972, stack(0x000000618ad00000,0x000000618ae00000) (1024K)]
  0x0000018ee029bd30 JavaThread "Service Thread"             daemon [_thread_blocked, id=22052, stack(0x000000618ae00000,0x000000618af00000) (1024K)]
  0x0000018ee02a9b90 JavaThread "Monitor Deflation Thread"   daemon [_thread_blocked, id=22016, stack(0x000000618af00000,0x000000618b000000) (1024K)]
  0x0000018ee02ca930 JavaThread "C2 CompilerThread0"         daemon [_thread_blocked, id=22012, stack(0x000000618b000000,0x000000618b100000) (1024K)]
  0x0000018ee02cb3d0 JavaThread "C1 CompilerThread0"         daemon [_thread_blocked, id=21984, stack(0x000000618b100000,0x000000618b200000) (1024K)]
  0x0000018ee03c7880 JavaThread "C1 CompilerThread1"         daemon [_thread_blocked, id=21944, stack(0x000000618b200000,0x000000618b300000) (1024K)]
  0x0000018ee04bc740 JavaThread "Common-Cleaner"             daemon [_thread_blocked, id=20760, stack(0x000000618b300000,0x000000618b400000) (1024K)]
  0x0000018ee04bd460 JavaThread "Notification Thread"        daemon [_thread_blocked, id=7352, stack(0x000000618b400000,0x000000618b500000) (1024K)]
  0x0000018f26252dd0 JavaThread "C1 CompilerThread2"         daemon [_thread_blocked, id=20888, stack(0x000000618bc00000,0x000000618bd00000) (1024K)]
  0x0000018f26250150 JavaThread "C1 CompilerThread3"         daemon [_thread_blocked, id=20592, stack(0x000000618bd00000,0x000000618be00000) (1024K)]
  0x0000018ee04bad00 JavaThread "Daemon health stats"               [_thread_blocked, id=7424, stack(0x000000618b600000,0x000000618b700000) (1024K)]
  0x0000018ee04bb390 JavaThread "Incoming local TCP Connector on port 50194"        [_thread_in_native, id=2972, stack(0x000000618c100000,0x000000618c200000) (1024K)]
  0x0000018ee04bba20 JavaThread "Daemon periodic checks"            [_thread_blocked, id=18128, stack(0x000000618c300000,0x000000618c400000) (1024K)]
  0x0000018ee04bc0b0 JavaThread "Daemon"                            [_thread_blocked, id=20144, stack(0x000000618c400000,0x000000618c500000) (1024K)]
  0x0000018ee04be180 JavaThread "Handler for socket connection from /127.0.0.1:50194 to /127.0.0.1:50195"        [_thread_in_native, id=21292, stack(0x000000618c500000,0x000000618c600000) (1024K)]
  0x0000018ee04bcdd0 JavaThread "Cancel handler"                    [_thread_blocked, id=16836, stack(0x000000618c600000,0x000000618c700000) (1024K)]
  0x0000018f27620dd0 JavaThread "Daemon worker"                     [_thread_blocked, id=7608, stack(0x000000618c700000,0x000000618c800000) (1024K)]
  0x0000018f27620740 JavaThread "Asynchronous log dispatcher for DefaultDaemonConnection: socket connection from /127.0.0.1:50194 to /127.0.0.1:50195"        [_thread_blocked, id=7612, stack(0x000000618c800000,0x000000618c900000) (1024K)]
  0x0000018f27622180 JavaThread "Stdin handler"                     [_thread_blocked, id=8644, stack(0x000000618c900000,0x000000618ca00000) (1024K)]
  0x0000018f27621460 JavaThread "Daemon client event forwarder"        [_thread_blocked, id=7676, stack(0x000000618ca00000,0x000000618cb00000) (1024K)]
  0x0000018f276200b0 JavaThread "Cache worker for journal cache (C:\Users\tqpha\.gradle\caches\journal-1)"        [_thread_blocked, id=7520, stack(0x000000618cb00000,0x000000618cc00000) (1024K)]
  0x0000018f27622ea0 JavaThread "File lock request listener"        [_thread_in_native, id=1432, stack(0x000000618cc00000,0x000000618cd00000) (1024K)]
  0x0000018f27623bc0 JavaThread "Cache worker for file hash cache (C:\Users\tqpha\.gradle\caches\8.10.2\fileHashes)"        [_thread_blocked, id=8900, stack(0x000000618cd00000,0x000000618ce00000) (1024K)]
  0x0000018f276248e0 JavaThread "Cache worker for file hash cache (D:\HocTap\Luan_van\source\food_inventory\android\.gradle\8.10.2\fileHashes)"        [_thread_blocked, id=21076, stack(0x000000618d700000,0x000000618d800000) (1024K)]
  0x0000018f27624250 JavaThread "Cache worker for Build Output Cleanup Cache (D:\HocTap\Luan_van\source\food_inventory\android\.gradle\buildOutputCleanup)"        [_thread_blocked, id=21444, stack(0x000000618d800000,0x000000618d900000) (1024K)]
  0x0000018f27622810 JavaThread "File watcher server"        daemon [_thread_in_native, id=2476, stack(0x000000618d900000,0x000000618da00000) (1024K)]
  0x0000018f27621af0 JavaThread "File watcher consumer"      daemon [_thread_blocked, id=15832, stack(0x000000618da00000,0x000000618db00000) (1024K)]
  0x0000018f27625600 JavaThread "jar transforms"                    [_thread_blocked, id=3748, stack(0x000000618db00000,0x000000618dc00000) (1024K)]
  0x0000018f27625c90 JavaThread "jar transforms Thread 2"           [_thread_blocked, id=8300, stack(0x000000618dc00000,0x000000618dd00000) (1024K)]
  0x0000018f27626320 JavaThread "jar transforms Thread 3"           [_thread_blocked, id=11288, stack(0x000000618dd00000,0x000000618de00000) (1024K)]
  0x0000018f276269b0 JavaThread "Cache worker for checksums cache (D:\HocTap\Luan_van\source\food_inventory\android\.gradle\8.10.2\checksums)"        [_thread_blocked, id=22124, stack(0x000000618df00000,0x000000618e000000) (1024K)]
  0x0000018f27623530 JavaThread "Cache worker for file content cache (C:\Users\tqpha\.gradle\caches\8.10.2\fileContent)"        [_thread_blocked, id=9108, stack(0x000000618e000000,0x000000618e100000) (1024K)]
  0x0000018f27627040 JavaThread "Cache worker for cache directory md-rule (C:\Users\tqpha\.gradle\caches\8.10.2\md-rule)"        [_thread_blocked, id=14948, stack(0x000000618e100000,0x000000618e200000) (1024K)]
  0x0000018f276276d0 JavaThread "Cache worker for cache directory md-supplier (C:\Users\tqpha\.gradle\caches\8.10.2\md-supplier)"        [_thread_blocked, id=12200, stack(0x000000618e200000,0x000000618e300000) (1024K)]
  0x0000018f293590f0 JavaThread "jar transforms Thread 4"           [_thread_blocked, id=22356, stack(0x000000618e300000,0x000000618e400000) (1024K)]
  0x0000018f293583d0 JavaThread "jar transforms Thread 5"           [_thread_blocked, id=20892, stack(0x000000618e400000,0x000000618e500000) (1024K)]
  0x0000018f29358a60 JavaThread "jar transforms Thread 6"           [_thread_blocked, id=12144, stack(0x000000618e600000,0x000000618e700000) (1024K)]
  0x0000018f29357d40 JavaThread "jar transforms Thread 7"           [_thread_blocked, id=20204, stack(0x000000618e700000,0x000000618e800000) (1024K)]
  0x0000018f2935ab30 JavaThread "jar transforms Thread 8"           [_thread_blocked, id=20560, stack(0x000000618e800000,0x000000618e900000) (1024K)]
  0x0000018f2935b850 JavaThread "jar transforms Thread 9"           [_thread_blocked, id=21152, stack(0x000000618e900000,0x000000618ea00000) (1024K)]
  0x0000018f29359780 JavaThread "Cache worker for Build Output Cleanup Cache (C:\Users\tqpha\AppData\Local\flutter\packages\flutter_tools\gradle\.gradle\buildOutputCleanup)"        [_thread_blocked, id=17228, stack(0x000000618ea00000,0x000000618eb00000) (1024K)]
  0x0000018f2935d290 JavaThread "File lock release action executor"        [_thread_blocked, id=14664, stack(0x000000618eb00000,0x000000618ec00000) (1024K)]
  0x0000018f2935a4a0 JavaThread "Unconstrained build operations"        [_thread_blocked, id=10132, stack(0x000000618de00000,0x000000618df00000) (1024K)]
  0x0000018f2935dfb0 JavaThread "Unconstrained build operations Thread 2"        [_thread_blocked, id=13004, stack(0x000000618e500000,0x000000618e600000) (1024K)]
  0x0000018f2935e640 JavaThread "Unconstrained build operations Thread 3"        [_thread_blocked, id=12676, stack(0x000000618ec00000,0x000000618ed00000) (1024K)]
  0x0000018f2935ecd0 JavaThread "Unconstrained build operations Thread 4"        [_thread_blocked, id=17584, stack(0x000000618ed00000,0x000000618ee00000) (1024K)]
  0x0000018f2935f360 JavaThread "Unconstrained build operations Thread 5"        [_thread_blocked, id=9648, stack(0x000000618ee00000,0x000000618ef00000) (1024K)]
  0x0000018f29dd7800 JavaThread "Unconstrained build operations Thread 6"        [_thread_blocked, id=22236, stack(0x000000618ef00000,0x000000618f000000) (1024K)]
  0x0000018f29dd8520 JavaThread "Unconstrained build operations Thread 7"        [_thread_blocked, id=20164, stack(0x000000618f000000,0x000000618f100000) (1024K)]
  0x0000018f29dd7e90 JavaThread "Unconstrained build operations Thread 8"        [_thread_blocked, id=16360, stack(0x000000618f100000,0x000000618f200000) (1024K)]
  0x0000018f29dd8bb0 JavaThread "Unconstrained build operations Thread 9"        [_thread_blocked, id=2888, stack(0x000000618f200000,0x000000618f300000) (1024K)]
  0x0000018f29dd9240 JavaThread "Unconstrained build operations Thread 10"        [_thread_blocked, id=14680, stack(0x000000618f300000,0x000000618f400000) (1024K)]
  0x0000018f29dd7170 JavaThread "Unconstrained build operations Thread 11"        [_thread_blocked, id=20852, stack(0x000000618f400000,0x000000618f500000) (1024K)]
  0x0000018f29dd5dc0 JavaThread "Unconstrained build operations Thread 12"        [_thread_blocked, id=21416, stack(0x000000618f500000,0x000000618f600000) (1024K)]
  0x0000018f29dd98d0 JavaThread "Unconstrained build operations Thread 13"        [_thread_blocked, id=22404, stack(0x000000618f600000,0x000000618f700000) (1024K)]
  0x0000018f29dd6450 JavaThread "Unconstrained build operations Thread 14"        [_thread_blocked, id=22112, stack(0x000000618f700000,0x000000618f800000) (1024K)]
  0x0000018f29dd9f60 JavaThread "Unconstrained build operations Thread 15"        [_thread_blocked, id=9860, stack(0x000000618f800000,0x000000618f900000) (1024K)]
  0x0000018f29dd6ae0 JavaThread "Unconstrained build operations Thread 16"        [_thread_blocked, id=17588, stack(0x000000618f900000,0x000000618fa00000) (1024K)]
  0x0000018f29ddb9a0 JavaThread "Unconstrained build operations Thread 17"        [_thread_blocked, id=12036, stack(0x000000618fa00000,0x000000618fb00000) (1024K)]
  0x0000018f29ddc030 JavaThread "Unconstrained build operations Thread 18"        [_thread_blocked, id=15816, stack(0x000000618fb00000,0x000000618fc00000) (1024K)]
  0x0000018f29ddb310 JavaThread "Unconstrained build operations Thread 19"        [_thread_blocked, id=2796, stack(0x000000618fc00000,0x000000618fd00000) (1024K)]
  0x0000018f29ddcd50 JavaThread "Unconstrained build operations Thread 20"        [_thread_blocked, id=3432, stack(0x000000618b500000,0x000000618b600000) (1024K)]
  0x0000018f29ddac80 JavaThread "Unconstrained build operations Thread 21"        [_thread_blocked, id=11596, stack(0x000000618c200000,0x000000618c300000) (1024K)]
  0x0000018f29ddc6c0 JavaThread "Unconstrained build operations Thread 22"        [_thread_blocked, id=21252, stack(0x000000618fd00000,0x000000618fe00000) (1024K)]
  0x0000018f29ddd3e0 JavaThread "Unconstrained build operations Thread 23"        [_thread_blocked, id=19920, stack(0x000000618fe00000,0x000000618ff00000) (1024K)]
  0x0000018f29dda5f0 JavaThread "Unconstrained build operations Thread 24"        [_thread_blocked, id=21584, stack(0x000000618ff00000,0x0000006190000000) (1024K)]
  0x0000018ee0443070 JavaThread "Unconstrained build operations Thread 25"        [_thread_blocked, id=2896, stack(0x0000006190000000,0x0000006190100000) (1024K)]
  0x0000018ee04429e0 JavaThread "Unconstrained build operations Thread 26"        [_thread_blocked, id=4048, stack(0x0000006190100000,0x0000006190200000) (1024K)]
  0x0000018ee0444420 JavaThread "Unconstrained build operations Thread 27"        [_thread_blocked, id=12108, stack(0x0000006190200000,0x0000006190300000) (1024K)]
  0x0000018ee0440fa0 JavaThread "Unconstrained build operations Thread 28"        [_thread_blocked, id=12292, stack(0x0000006190300000,0x0000006190400000) (1024K)]
  0x0000018ee0443d90 JavaThread "Unconstrained build operations Thread 29"        [_thread_blocked, id=5092, stack(0x0000006190400000,0x0000006190500000) (1024K)]
  0x0000018ee0441630 JavaThread "Unconstrained build operations Thread 30"        [_thread_blocked, id=10976, stack(0x0000006190500000,0x0000006190600000) (1024K)]
  0x0000018ee0444ab0 JavaThread "Unconstrained build operations Thread 31"        [_thread_blocked, id=20812, stack(0x0000006190600000,0x0000006190700000) (1024K)]
  0x0000018ee0445140 JavaThread "Unconstrained build operations Thread 32"        [_thread_blocked, id=22024, stack(0x0000006190700000,0x0000006190800000) (1024K)]
  0x0000018ee0443700 JavaThread "Unconstrained build operations Thread 33"        [_thread_blocked, id=12884, stack(0x0000006190800000,0x0000006190900000) (1024K)]
  0x0000018ee0442350 JavaThread "Unconstrained build operations Thread 34"        [_thread_blocked, id=14504, stack(0x0000006190900000,0x0000006190a00000) (1024K)]
  0x0000018ee0441cc0 JavaThread "Unconstrained build operations Thread 35"        [_thread_blocked, id=14508, stack(0x0000006190a00000,0x0000006190b00000) (1024K)]
  0x0000018ee04457d0 JavaThread "Unconstrained build operations Thread 36"        [_thread_blocked, id=21552, stack(0x0000006190b00000,0x0000006190c00000) (1024K)]
  0x0000018ee04485c0 JavaThread "Unconstrained build operations Thread 37"        [_thread_blocked, id=20604, stack(0x0000006190c00000,0x0000006190d00000) (1024K)]
  0x0000018ee0446b80 JavaThread "Unconstrained build operations Thread 38"        [_thread_blocked, id=19792, stack(0x0000006190d00000,0x0000006190e00000) (1024K)]
  0x0000018ee04464f0 JavaThread "Unconstrained build operations Thread 39"        [_thread_blocked, id=8904, stack(0x0000006190f00000,0x0000006191000000) (1024K)]
  0x0000018ee0445e60 JavaThread "Unconstrained build operations Thread 40"        [_thread_blocked, id=5300, stack(0x0000006191000000,0x0000006191100000) (1024K)]
  0x0000018ee04478a0 JavaThread "Unconstrained build operations Thread 41"        [_thread_blocked, id=4144, stack(0x0000006191100000,0x0000006191200000) (1024K)]
  0x0000018ee0447210 JavaThread "Unconstrained build operations Thread 42"        [_thread_blocked, id=8496, stack(0x0000006191200000,0x0000006191300000) (1024K)]
  0x0000018ee0447f30 JavaThread "Unconstrained build operations Thread 43"        [_thread_blocked, id=10836, stack(0x0000006191300000,0x0000006191400000) (1024K)]
  0x0000018f28fb5340 JavaThread "Unconstrained build operations Thread 44"        [_thread_blocked, id=10616, stack(0x0000006191400000,0x0000006191500000) (1024K)]
  0x0000018f28fb59d0 JavaThread "Unconstrained build operations Thread 45"        [_thread_blocked, id=11364, stack(0x0000006191500000,0x0000006191600000) (1024K)]
  0x0000018f28fb66f0 JavaThread "Unconstrained build operations Thread 46"        [_thread_blocked, id=22148, stack(0x0000006191600000,0x0000006191700000) (1024K)]
  0x0000018f28fb6060 JavaThread "Unconstrained build operations Thread 47"        [_thread_blocked, id=22032, stack(0x0000006191700000,0x0000006191800000) (1024K)]
  0x0000018f28fb6d80 JavaThread "Unconstrained build operations Thread 48"        [_thread_blocked, id=11800, stack(0x0000006191800000,0x0000006191900000) (1024K)]
  0x0000018f28fb7410 JavaThread "Unconstrained build operations Thread 49"        [_thread_blocked, id=9036, stack(0x0000006191900000,0x0000006191a00000) (1024K)]
  0x0000018f28fb7aa0 JavaThread "Unconstrained build operations Thread 50"        [_thread_blocked, id=5164, stack(0x0000006191a00000,0x0000006191b00000) (1024K)]
  0x0000018f28fb8130 JavaThread "Unconstrained build operations Thread 51"        [_thread_blocked, id=11708, stack(0x0000006191b00000,0x0000006191c00000) (1024K)]
  0x0000018f28fb4cb0 JavaThread "Unconstrained build operations Thread 52"        [_thread_blocked, id=21064, stack(0x0000006191c00000,0x0000006191d00000) (1024K)]
  0x0000018f28fb87c0 JavaThread "Unconstrained build operations Thread 53"        [_thread_blocked, id=21548, stack(0x0000006191d00000,0x0000006191e00000) (1024K)]
  0x0000018f28fbb5b0 JavaThread "Unconstrained build operations Thread 54"        [_thread_blocked, id=20996, stack(0x0000006191e00000,0x0000006191f00000) (1024K)]
  0x0000018f28fbc2d0 JavaThread "Unconstrained build operations Thread 55"        [_thread_blocked, id=14592, stack(0x0000006191f00000,0x0000006192000000) (1024K)]
  0x0000018f28fba200 JavaThread "Unconstrained build operations Thread 56"        [_thread_blocked, id=3240, stack(0x0000006192000000,0x0000006192100000) (1024K)]
  0x0000018f28fb8e50 JavaThread "Unconstrained build operations Thread 57"        [_thread_blocked, id=3848, stack(0x0000006192100000,0x0000006192200000) (1024K)]
  0x0000018f28fba890 JavaThread "Memory manager"                    [_thread_blocked, id=21128, stack(0x0000006192600000,0x0000006192700000) (1024K)]
  0x0000018f28fb94e0 JavaThread "build event listener"              [_thread_blocked, id=21484, stack(0x0000006192300000,0x0000006192400000) (1024K)]
  0x0000018f2c28a020 JavaThread "included builds"                   [_thread_blocked, id=20732, stack(0x0000006192500000,0x0000006192600000) (1024K)]
  0x0000018f2c289300 JavaThread "Execution worker"                  [_thread_blocked, id=22212, stack(0x0000006192700000,0x0000006192800000) (1024K)]
  0x0000018f2c288c70 JavaThread "Execution worker Thread 2"         [_thread_blocked, id=7956, stack(0x0000006192800000,0x0000006192900000) (1024K)]
  0x0000018f2c28a6b0 JavaThread "Execution worker Thread 3"         [_thread_blocked, id=17020, stack(0x0000006192900000,0x0000006192a00000) (1024K)]
  0x0000018f2c287230 JavaThread "Execution worker Thread 4"         [_thread_blocked, id=21464, stack(0x0000006192a00000,0x0000006192b00000) (1024K)]
  0x0000018f2c28ad40 JavaThread "Execution worker Thread 5"         [_thread_blocked, id=5260, stack(0x0000006192b00000,0x0000006192c00000) (1024K)]
  0x0000018f2c2878c0 JavaThread "Execution worker Thread 6"         [_thread_blocked, id=21816, stack(0x0000006192c00000,0x0000006192d00000) (1024K)]
  0x0000018f2c28c0f0 JavaThread "Execution worker Thread 7"         [_thread_blocked, id=21756, stack(0x0000006192d00000,0x0000006192e00000) (1024K)]
  0x0000018f2c28c780 JavaThread "Execution worker Thread 8"         [_thread_blocked, id=22240, stack(0x0000006192e00000,0x0000006192f00000) (1024K)]
  0x0000018f2c28e1c0 JavaThread "Execution worker Thread 9"         [_thread_blocked, id=22256, stack(0x0000006192f00000,0x0000006193000000) (1024K)]
  0x0000018f2c28db30 JavaThread "Execution worker Thread 10"        [_thread_blocked, id=11984, stack(0x0000006193000000,0x0000006193100000) (1024K)]
  0x0000018f2c28ba60 JavaThread "Execution worker Thread 11"        [_thread_blocked, id=21952, stack(0x0000006193100000,0x0000006193200000) (1024K)]
  0x0000018f2c28e850 JavaThread "Execution worker Thread 12"        [_thread_blocked, id=10096, stack(0x0000006193200000,0x0000006193300000) (1024K)]
  0x0000018f2c28b3d0 JavaThread "Execution worker Thread 13"        [_thread_blocked, id=19936, stack(0x0000006193300000,0x0000006193400000) (1024K)]
  0x0000018f2c28ce10 JavaThread "Execution worker Thread 14"        [_thread_blocked, id=20352, stack(0x0000006193400000,0x0000006193500000) (1024K)]
  0x0000018f2c28d4a0 JavaThread "Execution worker Thread 15"        [_thread_blocked, id=17048, stack(0x0000006193500000,0x0000006193600000) (1024K)]
  0x0000018f2d1d5450 JavaThread "Execution worker Thread 16"        [_thread_blocked, id=3204, stack(0x0000006193600000,0x0000006193700000) (1024K)]
  0x0000018f2d1d6e90 JavaThread "Execution worker Thread 17"        [_thread_blocked, id=22448, stack(0x0000006193700000,0x0000006193800000) (1024K)]
  0x0000018f2d1d7bb0 JavaThread "Execution worker Thread 18"        [_thread_blocked, id=16760, stack(0x0000006193800000,0x0000006193900000) (1024K)]
  0x0000018f2d1d6800 JavaThread "Execution worker Thread 19"        [_thread_blocked, id=10848, stack(0x0000006193900000,0x0000006193a00000) (1024K)]
  0x0000018f2d1d8f60 JavaThread "Cache worker for execution history cache (C:\Users\tqpha\AppData\Local\flutter\packages\flutter_tools\gradle\.gradle\8.10.2\executionHistory)"        [_thread_blocked, id=18644, stack(0x0000006193a00000,0x0000006193b00000) (1024K)]
  0x0000018f2d1d5ae0 JavaThread "Unconstrained build operations Thread 58"        [_thread_blocked, id=22688, stack(0x0000006192400000,0x0000006192500000) (1024K)]
  0x0000018f2d1d95f0 JavaThread "Unconstrained build operations Thread 59"        [_thread_blocked, id=22692, stack(0x0000006193b00000,0x0000006193c00000) (1024K)]
  0x0000018f2d1d7520 JavaThread "Unconstrained build operations Thread 60"        [_thread_blocked, id=22696, stack(0x0000006193c00000,0x0000006193d00000) (1024K)]
  0x0000018f2d1d6170 JavaThread "Unconstrained build operations Thread 61"        [_thread_blocked, id=22700, stack(0x0000006193d00000,0x0000006193e00000) (1024K)]
  0x0000018f2d1d9c80 JavaThread "Unconstrained build operations Thread 62"        [_thread_blocked, id=22704, stack(0x0000006193e00000,0x0000006193f00000) (1024K)]
  0x0000018f2d1da310 JavaThread "Unconstrained build operations Thread 63"        [_thread_blocked, id=22708, stack(0x0000006193f00000,0x0000006194000000) (1024K)]
  0x0000018f2d1db6c0 JavaThread "Unconstrained build operations Thread 64"        [_thread_blocked, id=22716, stack(0x0000006194000000,0x0000006194100000) (1024K)]
  0x0000018f2d1d8240 JavaThread "Unconstrained build operations Thread 65"        [_thread_blocked, id=22720, stack(0x0000006194100000,0x0000006194200000) (1024K)]
  0x0000018f2d1dbd50 JavaThread "Unconstrained build operations Thread 66"        [_thread_blocked, id=22724, stack(0x0000006194200000,0x0000006194300000) (1024K)]
  0x0000018f2d1da9a0 JavaThread "Unconstrained build operations Thread 67"        [_thread_blocked, id=22728, stack(0x0000006194300000,0x0000006194400000) (1024K)]
  0x0000018f2d1db030 JavaThread "Unconstrained build operations Thread 68"        [_thread_blocked, id=22732, stack(0x0000006194400000,0x0000006194500000) (1024K)]
  0x0000018f2d1d88d0 JavaThread "Unconstrained build operations Thread 69"        [_thread_blocked, id=22736, stack(0x0000006194500000,0x0000006194600000) (1024K)]
  0x0000018f2d1dc3e0 JavaThread "Unconstrained build operations Thread 70"        [_thread_blocked, id=22740, stack(0x0000006194600000,0x0000006194700000) (1024K)]
  0x0000018f2d1dca70 JavaThread "Unconstrained build operations Thread 71"        [_thread_blocked, id=22744, stack(0x0000006194700000,0x0000006194800000) (1024K)]
  0x0000018f2bf43f70 JavaThread "Unconstrained build operations Thread 72"        [_thread_blocked, id=22748, stack(0x0000006194800000,0x0000006194900000) (1024K)]
  0x0000018f2bf466d0 JavaThread "Unconstrained build operations Thread 73"        [_thread_blocked, id=22752, stack(0x0000006194900000,0x0000006194a00000) (1024K)]
  0x0000018f2bf44600 JavaThread "Unconstrained build operations Thread 74"        [_thread_blocked, id=22756, stack(0x0000006194a00000,0x0000006194b00000) (1024K)]
  0x0000018f2bf46d60 JavaThread "Unconstrained build operations Thread 75"        [_thread_blocked, id=22760, stack(0x0000006194b00000,0x0000006194c00000) (1024K)]
  0x0000018f2bf438e0 JavaThread "Unconstrained build operations Thread 76"        [_thread_blocked, id=22764, stack(0x0000006194c00000,0x0000006194d00000) (1024K)]
  0x0000018f2bf46040 JavaThread "Unconstrained build operations Thread 77"        [_thread_blocked, id=22768, stack(0x0000006194d00000,0x0000006194e00000) (1024K)]
  0x0000018f2bf48110 JavaThread "Unconstrained build operations Thread 78"        [_thread_blocked, id=22772, stack(0x0000006194e00000,0x0000006194f00000) (1024K)]
  0x0000018f2bf44c90 JavaThread "Unconstrained build operations Thread 79"        [_thread_blocked, id=22776, stack(0x0000006194f00000,0x0000006195000000) (1024K)]
  0x0000018f2bf473f0 JavaThread "Unconstrained build operations Thread 80"        [_thread_blocked, id=22780, stack(0x0000006195000000,0x0000006195100000) (1024K)]
  0x0000018f2bf47a80 JavaThread "Unconstrained build operations Thread 81"        [_thread_blocked, id=22784, stack(0x0000006195100000,0x0000006195200000) (1024K)]
  0x0000018f2bf487a0 JavaThread "Unconstrained build operations Thread 82"        [_thread_blocked, id=22788, stack(0x0000006195200000,0x0000006195300000) (1024K)]
  0x0000018f2bf45320 JavaThread "Unconstrained build operations Thread 83"        [_thread_blocked, id=22792, stack(0x0000006195300000,0x0000006195400000) (1024K)]
  0x0000018f2bf48e30 JavaThread "Unconstrained build operations Thread 84"        [_thread_blocked, id=22796, stack(0x0000006195400000,0x0000006195500000) (1024K)]
  0x0000018f2bf459b0 JavaThread "Unconstrained build operations Thread 85"        [_thread_blocked, id=22800, stack(0x0000006195500000,0x0000006195600000) (1024K)]
  0x0000018f2bf494c0 JavaThread "Unconstrained build operations Thread 86"        [_thread_blocked, id=22804, stack(0x0000006195600000,0x0000006195700000) (1024K)]
  0x0000018f2bf49b50 JavaThread "Unconstrained build operations Thread 87"        [_thread_blocked, id=22808, stack(0x0000006195700000,0x0000006195800000) (1024K)]
  0x0000018f2bf4a1e0 JavaThread "Unconstrained build operations Thread 88"        [_thread_blocked, id=22812, stack(0x0000006195800000,0x0000006195900000) (1024K)]
  0x0000018f2bf4a870 JavaThread "Unconstrained build operations Thread 89"        [_thread_blocked, id=22816, stack(0x0000006195900000,0x0000006195a00000) (1024K)]
  0x0000018f2bf4af00 JavaThread "Unconstrained build operations Thread 90"        [_thread_blocked, id=22820, stack(0x0000006195a00000,0x0000006195b00000) (1024K)]
  0x0000018f2a49c9c0 JavaThread "Unconstrained build operations Thread 91"        [_thread_blocked, id=22824, stack(0x0000006195b00000,0x0000006195c00000) (1024K)]
  0x0000018f2a49a8f0 JavaThread "Unconstrained build operations Thread 92"        [_thread_blocked, id=22828, stack(0x0000006195c00000,0x0000006195d00000) (1024K)]
  0x0000018f2a49d050 JavaThread "Unconstrained build operations Thread 93"        [_thread_blocked, id=22832, stack(0x0000006195d00000,0x0000006195e00000) (1024K)]
  0x0000018f2a49d6e0 JavaThread "Unconstrained build operations Thread 94"        [_thread_blocked, id=22836, stack(0x0000006195e00000,0x0000006195f00000) (1024K)]
  0x0000018f2a49dd70 JavaThread "Unconstrained build operations Thread 95"        [_thread_blocked, id=22840, stack(0x0000006195f00000,0x0000006196000000) (1024K)]
  0x0000018f2a49c330 JavaThread "Unconstrained build operations Thread 96"        [_thread_blocked, id=22848, stack(0x0000006196100000,0x0000006196200000) (1024K)]
  0x0000018f2a49e400 JavaThread "Unconstrained build operations Thread 97"        [_thread_blocked, id=22852, stack(0x0000006196200000,0x0000006196300000) (1024K)]
  0x0000018f2a49af80 JavaThread "Unconstrained build operations Thread 98"        [_thread_blocked, id=22856, stack(0x0000006196300000,0x0000006196400000) (1024K)]
  0x0000018f2a49b610 JavaThread "Unconstrained build operations Thread 99"        [_thread_blocked, id=22860, stack(0x0000006196400000,0x0000006196500000) (1024K)]
  0x0000018f2a49ea90 JavaThread "Unconstrained build operations Thread 100"        [_thread_blocked, id=22864, stack(0x0000006196500000,0x0000006196600000) (1024K)]
  0x0000018f2a49bca0 JavaThread "Unconstrained build operations Thread 101"        [_thread_blocked, id=22868, stack(0x0000006196600000,0x0000006196700000) (1024K)]
  0x0000018f2a49f7b0 JavaThread "Unconstrained build operations Thread 102"        [_thread_blocked, id=22872, stack(0x0000006196700000,0x0000006196800000) (1024K)]
  0x0000018f2a4a25a0 JavaThread "Unconstrained build operations Thread 103"        [_thread_blocked, id=22876, stack(0x0000006196800000,0x0000006196900000) (1024K)]
  0x0000018f2a49f120 JavaThread "Unconstrained build operations Thread 104"        [_thread_blocked, id=22880, stack(0x0000006196900000,0x0000006196a00000) (1024K)]
  0x0000018f2a49fe40 JavaThread "Unconstrained build operations Thread 105"        [_thread_blocked, id=22884, stack(0x0000006196a00000,0x0000006196b00000) (1024K)]
  0x0000018f2a4a04d0 JavaThread "Unconstrained build operations Thread 106"        [_thread_blocked, id=22888, stack(0x0000006196b00000,0x0000006196c00000) (1024K)]
  0x0000018f2a4a11f0 JavaThread "Unconstrained build operations Thread 107"        [_thread_blocked, id=22916, stack(0x0000006196c00000,0x0000006196d00000) (1024K)]
  0x0000018f2a4a1f10 JavaThread "Unconstrained build operations Thread 108"        [_thread_blocked, id=22920, stack(0x0000006196d00000,0x0000006196e00000) (1024K)]
  0x0000018f2a4a32c0 JavaThread "Unconstrained build operations Thread 109"        [_thread_blocked, id=22924, stack(0x0000006196e00000,0x0000006196f00000) (1024K)]
  0x0000018f2a4a1880 JavaThread "Unconstrained build operations Thread 110"        [_thread_blocked, id=22928, stack(0x0000006196f00000,0x0000006197000000) (1024K)]
  0x0000018f2a4a3950 JavaThread "Unconstrained build operations Thread 111"        [_thread_blocked, id=22932, stack(0x0000006197000000,0x0000006197100000) (1024K)]
  0x0000018f2a4a2c30 JavaThread "Unconstrained build operations Thread 112"        [_thread_blocked, id=22936, stack(0x0000006197100000,0x0000006197200000) (1024K)]
  0x0000018f2a4a3fe0 JavaThread "Unconstrained build operations Thread 113"        [_thread_blocked, id=22940, stack(0x0000006197200000,0x0000006197300000) (1024K)]
  0x0000018f2a4a0b60 JavaThread "Unconstrained build operations Thread 114"        [_thread_blocked, id=22944, stack(0x0000006197300000,0x0000006197400000) (1024K)]
  0x0000018f2a4a7460 JavaThread "Unconstrained build operations Thread 115"        [_thread_blocked, id=22948, stack(0x0000006197400000,0x0000006197500000) (1024K)]
  0x0000018f2a4a7af0 JavaThread "Unconstrained build operations Thread 116"        [_thread_blocked, id=22952, stack(0x0000006197500000,0x0000006197600000) (1024K)]
  0x0000018f2a4a4670 JavaThread "Unconstrained build operations Thread 117"        [_thread_blocked, id=22956, stack(0x0000006197600000,0x0000006197700000) (1024K)]
  0x0000018f2a4a60b0 JavaThread "Unconstrained build operations Thread 118"        [_thread_blocked, id=22960, stack(0x0000006197700000,0x0000006197800000) (1024K)]
  0x0000018f2a4a8180 JavaThread "Unconstrained build operations Thread 119"        [_thread_blocked, id=22964, stack(0x0000006197800000,0x0000006197900000) (1024K)]
  0x0000018f2a4a6740 JavaThread "Unconstrained build operations Thread 120"        [_thread_blocked, id=22968, stack(0x0000006197900000,0x0000006197a00000) (1024K)]
  0x0000018f2a4a6dd0 JavaThread "Unconstrained build operations Thread 121"        [_thread_blocked, id=22972, stack(0x0000006197a00000,0x0000006197b00000) (1024K)]
  0x0000018f2a4a5a20 JavaThread "Unconstrained build operations Thread 122"        [_thread_blocked, id=22976, stack(0x0000006197b00000,0x0000006197c00000) (1024K)]
  0x0000018f2a4a5390 JavaThread "Unconstrained build operations Thread 123"        [_thread_blocked, id=22980, stack(0x0000006197c00000,0x0000006197d00000) (1024K)]
  0x0000018f2a4a4d00 JavaThread "Unconstrained build operations Thread 124"        [_thread_blocked, id=22984, stack(0x0000006197d00000,0x0000006197e00000) (1024K)]
  0x0000018f2a4a8810 JavaThread "Unconstrained build operations Thread 125"        [_thread_blocked, id=22988, stack(0x0000006197e00000,0x0000006197f00000) (1024K)]
  0x0000018f2a4a8ea0 JavaThread "Unconstrained build operations Thread 126"        [_thread_blocked, id=22992, stack(0x0000006197f00000,0x0000006198000000) (1024K)]
  0x0000018f2a4a9530 JavaThread "Unconstrained build operations Thread 127"        [_thread_blocked, id=22996, stack(0x0000006198000000,0x0000006198100000) (1024K)]
  0x0000018f2a4a9bc0 JavaThread "Unconstrained build operations Thread 128"        [_thread_blocked, id=23000, stack(0x0000006198100000,0x0000006198200000) (1024K)]
  0x0000018f262e35a0 JavaThread "Unconstrained build operations Thread 129"        [_thread_blocked, id=23004, stack(0x0000006198200000,0x0000006198300000) (1024K)]
  0x0000018f262e3c30 JavaThread "Unconstrained build operations Thread 130"        [_thread_blocked, id=23008, stack(0x0000006198300000,0x0000006198400000) (1024K)]
  0x0000018f262e2f10 JavaThread "Unconstrained build operations Thread 131"        [_thread_blocked, id=23012, stack(0x0000006198400000,0x0000006198500000) (1024K)]
  0x0000018f262e2880 JavaThread "Unconstrained build operations Thread 132"        [_thread_blocked, id=23016, stack(0x0000006198500000,0x0000006198600000) (1024K)]
  0x0000018f262e42c0 JavaThread "Unconstrained build operations Thread 133"        [_thread_blocked, id=23020, stack(0x0000006198600000,0x0000006198700000) (1024K)]
  0x0000018f262e1b60 JavaThread "Unconstrained build operations Thread 134"        [_thread_blocked, id=23024, stack(0x0000006198700000,0x0000006198800000) (1024K)]
  0x0000018f262e0e40 JavaThread "Unconstrained build operations Thread 135"        [_thread_blocked, id=23028, stack(0x0000006198800000,0x0000006198900000) (1024K)]
  0x0000018f262e07b0 JavaThread "Unconstrained build operations Thread 136"        [_thread_blocked, id=23032, stack(0x0000006198900000,0x0000006198a00000) (1024K)]
  0x0000018f262e21f0 JavaThread "Unconstrained build operations Thread 137"        [_thread_blocked, id=23036, stack(0x0000006198a00000,0x0000006198b00000) (1024K)]
  0x0000018f262e4950 JavaThread "Unconstrained build operations Thread 138"        [_thread_blocked, id=23040, stack(0x0000006198b00000,0x0000006198c00000) (1024K)]
  0x0000018f262e14d0 JavaThread "Unconstrained build operations Thread 139"        [_thread_blocked, id=23044, stack(0x0000006198c00000,0x0000006198d00000) (1024K)]
  0x0000018f262e7dd0 JavaThread "Unconstrained build operations Thread 140"        [_thread_blocked, id=23048, stack(0x0000006198d00000,0x0000006198e00000) (1024K)]
  0x0000018f262e4fe0 JavaThread "Unconstrained build operations Thread 141"        [_thread_blocked, id=23052, stack(0x0000006198e00000,0x0000006198f00000) (1024K)]
  0x0000018f262e6a20 JavaThread "Unconstrained build operations Thread 142"        [_thread_blocked, id=23056, stack(0x0000006198f00000,0x0000006199000000) (1024K)]
  0x0000018f262e6390 JavaThread "Unconstrained build operations Thread 143"        [_thread_blocked, id=23060, stack(0x0000006199000000,0x0000006199100000) (1024K)]
  0x0000018f262e8460 JavaThread "Unconstrained build operations Thread 144"        [_thread_blocked, id=23064, stack(0x0000006199100000,0x0000006199200000) (1024K)]
  0x0000018f262e5670 JavaThread "Unconstrained build operations Thread 145"        [_thread_blocked, id=23080, stack(0x0000006199300000,0x0000006199400000) (1024K)]
  0x0000018f262e7740 JavaThread "Unconstrained build operations Thread 146"        [_thread_blocked, id=23084, stack(0x0000006199400000,0x0000006199500000) (1024K)]
  0x0000018f262e9180 JavaThread "Unconstrained build operations Thread 147"        [_thread_blocked, id=23088, stack(0x0000006199500000,0x0000006199600000) (1024K)]
  0x0000018f262e8af0 JavaThread "Unconstrained build operations Thread 148"        [_thread_blocked, id=23092, stack(0x0000006199600000,0x0000006199700000) (1024K)]
  0x0000018f262e5d00 JavaThread "Unconstrained build operations Thread 149"        [_thread_blocked, id=23096, stack(0x0000006199700000,0x0000006199800000) (1024K)]
  0x0000018f262ec600 JavaThread "Unconstrained build operations Thread 150"        [_thread_blocked, id=23100, stack(0x0000006199800000,0x0000006199900000) (1024K)]
  0x0000018f262eabc0 JavaThread "Unconstrained build operations Thread 151"        [_thread_blocked, id=23104, stack(0x0000006199900000,0x0000006199a00000) (1024K)]
  0x0000018f262ebf70 JavaThread "Unconstrained build operations Thread 152"        [_thread_blocked, id=23108, stack(0x0000006199a00000,0x0000006199b00000) (1024K)]
  0x0000018f262e9ea0 JavaThread "Unconstrained build operations Thread 153"        [_thread_blocked, id=23112, stack(0x0000006199b00000,0x0000006199c00000) (1024K)]
  0x0000018f262ecc90 JavaThread "Unconstrained build operations Thread 154"        [_thread_blocked, id=23116, stack(0x0000006199c00000,0x0000006199d00000) (1024K)]
  0x0000018f262ea530 JavaThread "Unconstrained build operations Thread 155"        [_thread_blocked, id=23120, stack(0x0000006199d00000,0x0000006199e00000) (1024K)]
  0x0000018f262e9810 JavaThread "Unconstrained build operations Thread 156"        [_thread_blocked, id=23124, stack(0x000000619a000000,0x000000619a100000) (1024K)]
  0x0000018f262ed320 JavaThread "Unconstrained build operations Thread 157"        [_thread_blocked, id=23128, stack(0x000000619a100000,0x000000619a200000) (1024K)]
  0x0000018f262ed9b0 JavaThread "Unconstrained build operations Thread 158"        [_thread_blocked, id=23132, stack(0x000000619a200000,0x000000619a300000) (1024K)]
  0x0000018f262ee040 JavaThread "Unconstrained build operations Thread 159"        [_thread_blocked, id=23136, stack(0x000000619a300000,0x000000619a400000) (1024K)]
  0x0000018f262ee6d0 JavaThread "Unconstrained build operations Thread 160"        [_thread_blocked, id=23140, stack(0x000000619a400000,0x000000619a500000) (1024K)]
  0x0000018f262eb250 JavaThread "Unconstrained build operations Thread 161"        [_thread_blocked, id=23144, stack(0x000000619a500000,0x000000619a600000) (1024K)]
  0x0000018f262eed60 JavaThread "Unconstrained build operations Thread 162"        [_thread_blocked, id=23148, stack(0x000000619a600000,0x000000619a700000) (1024K)]
  0x0000018f262eb8e0 JavaThread "Unconstrained build operations Thread 163"        [_thread_blocked, id=23152, stack(0x000000619a700000,0x000000619a800000) (1024K)]
  0x0000018f28b76750 JavaThread "C2 CompilerThread1"         daemon [_thread_blocked, id=8852, stack(0x0000006190e00000,0x0000006190f00000) (1024K)]
  0x0000018f28b76080 JavaThread "C2 CompilerThread2"         daemon [_thread_blocked, id=8452, stack(0x0000006192200000,0x0000006192300000) (1024K)]
  0x0000018f2ce3a4b0 JavaThread "jar transforms Thread 10"          [_thread_blocked, id=22680, stack(0x0000006196000000,0x0000006196100000) (1024K)]
  0x0000018f2ce3b1d0 JavaThread "Unconstrained build operations Thread 164"        [_thread_blocked, id=21596, stack(0x0000006199200000,0x0000006199300000) (1024K)]
  0x0000018f2ce3b860 JavaThread "Unconstrained build operations Thread 165"        [_thread_blocked, id=804, stack(0x000000619a800000,0x000000619a900000) (1024K)]
  0x0000018f2ce383e0 JavaThread "Unconstrained build operations Thread 166"        [_thread_blocked, id=13676, stack(0x000000619a900000,0x000000619aa00000) (1024K)]
  0x0000018f2ce3bef0 JavaThread "Unconstrained build operations Thread 167"        [_thread_blocked, id=22900, stack(0x000000619aa00000,0x000000619ab00000) (1024K)]
  0x0000018f2ce3d930 JavaThread "Unconstrained build operations Thread 168"        [_thread_blocked, id=22912, stack(0x000000619ab00000,0x000000619ac00000) (1024K)]
  0x0000018f2ce3dfc0 JavaThread "Unconstrained build operations Thread 169"        [_thread_blocked, id=22676, stack(0x000000619ac00000,0x000000619ad00000) (1024K)]
  0x0000018f2ce3c580 JavaThread "Unconstrained build operations Thread 170"        [_thread_blocked, id=23160, stack(0x000000619ad00000,0x000000619ae00000) (1024K)]
  0x0000018f2ce3cc10 JavaThread "Unconstrained build operations Thread 171"        [_thread_blocked, id=23156, stack(0x000000619ae00000,0x000000619af00000) (1024K)]
  0x0000018f2ce3d2a0 JavaThread "Unconstrained build operations Thread 172"        [_thread_blocked, id=23072, stack(0x000000619af00000,0x000000619b000000) (1024K)]
  0x0000018f2ce3ab40 JavaThread "Unconstrained build operations Thread 173"        [_thread_blocked, id=21396, stack(0x000000619b000000,0x000000619b100000) (1024K)]
  0x0000018f2ce3ece0 JavaThread "Unconstrained build operations Thread 174"        [_thread_blocked, id=22036, stack(0x000000619b100000,0x000000619b200000) (1024K)]
  0x0000018f2ce3e650 JavaThread "Unconstrained build operations Thread 175"        [_thread_blocked, id=21908, stack(0x000000619b200000,0x000000619b300000) (1024K)]
  0x0000018f2ce3f370 JavaThread "Unconstrained build operations Thread 176"        [_thread_blocked, id=21912, stack(0x000000619b300000,0x000000619b400000) (1024K)]
  0x0000018f2ce40090 JavaThread "Unconstrained build operations Thread 177"        [_thread_blocked, id=10524, stack(0x000000619b400000,0x000000619b500000) (1024K)]
  0x0000018f2ce3fa00 JavaThread "Unconstrained build operations Thread 178"        [_thread_blocked, id=22672, stack(0x000000619b500000,0x000000619b600000) (1024K)]
  0x0000018f2ce40720 JavaThread "Unconstrained build operations Thread 179"        [_thread_blocked, id=22844, stack(0x000000619b600000,0x000000619b700000) (1024K)]
  0x0000018f2ce40db0 JavaThread "Unconstrained build operations Thread 180"        [_thread_blocked, id=4148, stack(0x000000619b700000,0x000000619b800000) (1024K)]
  0x0000018f2bdb3270 JavaThread "Unconstrained build operations Thread 181"        [_thread_blocked, id=2312, stack(0x000000619b800000,0x000000619b900000) (1024K)]
  0x0000018f2bdb3900 JavaThread "Unconstrained build operations Thread 182"        [_thread_blocked, id=2596, stack(0x000000619b900000,0x000000619ba00000) (1024K)]
  0x0000018f2bdb3f90 JavaThread "Unconstrained build operations Thread 183"        [_thread_blocked, id=14404, stack(0x000000619ba00000,0x000000619bb00000) (1024K)]
  0x0000018f2bdb2550 JavaThread "Unconstrained build operations Thread 184"        [_thread_blocked, id=21356, stack(0x000000619bb00000,0x000000619bc00000) (1024K)]
  0x0000018f2bdb4620 JavaThread "Unconstrained build operations Thread 185"        [_thread_blocked, id=21344, stack(0x000000619bc00000,0x000000619bd00000) (1024K)]
  0x0000018f2bdb11a0 JavaThread "Unconstrained build operations Thread 186"        [_thread_blocked, id=23284, stack(0x000000619bd00000,0x000000619be00000) (1024K)]
  0x0000018f2bdb4cb0 JavaThread "Unconstrained build operations Thread 187"        [_thread_blocked, id=23304, stack(0x000000619be00000,0x000000619bf00000) (1024K)]
  0x0000018f2bdb2be0 JavaThread "Unconstrained build operations Thread 188"        [_thread_blocked, id=17040, stack(0x000000619bf00000,0x000000619c000000) (1024K)]
  0x0000018f2bdb1830 JavaThread "Unconstrained build operations Thread 189"        [_thread_blocked, id=21432, stack(0x000000619c000000,0x000000619c100000) (1024K)]
  0x0000018f2bdb5340 JavaThread "Unconstrained build operations Thread 190"        [_thread_blocked, id=19556, stack(0x000000619c100000,0x000000619c200000) (1024K)]
  0x0000018f2bdb1ec0 JavaThread "Unconstrained build operations Thread 191"        [_thread_blocked, id=22516, stack(0x000000619c200000,0x000000619c300000) (1024K)]
  0x0000018f2bdb66f0 JavaThread "Unconstrained build operations Thread 192"        [_thread_blocked, id=12196, stack(0x000000619c300000,0x000000619c400000) (1024K)]
  0x0000018f2bdb6060 JavaThread "Unconstrained build operations Thread 193"        [_thread_blocked, id=19152, stack(0x000000619c400000,0x000000619c500000) (1024K)]
  0x0000018f2bdb59d0 JavaThread "Unconstrained build operations Thread 194"        [_thread_blocked, id=21272, stack(0x000000619c500000,0x000000619c600000) (1024K)]
  0x0000018f2bdb9b70 JavaThread "Unconstrained build operations Thread 195"        [_thread_blocked, id=7976, stack(0x000000619c600000,0x000000619c700000) (1024K)]
  0x0000018f2bdb8e50 JavaThread "Unconstrained build operations Thread 196"        [_thread_blocked, id=7588, stack(0x000000619c700000,0x000000619c800000) (1024K)]
  0x0000018f2bdb8130 JavaThread "Unconstrained build operations Thread 197"        [_thread_blocked, id=18268, stack(0x000000619c800000,0x000000619c900000) (1024K)]
  0x0000018f2bdb7410 JavaThread "Unconstrained build operations Thread 198"        [_thread_blocked, id=21528, stack(0x000000619c900000,0x000000619ca00000) (1024K)]
  0x0000018f2bdb87c0 JavaThread "Unconstrained build operations Thread 199"        [_thread_blocked, id=23068, stack(0x000000619ca00000,0x000000619cb00000) (1024K)]
  0x0000018f2bdb94e0 JavaThread "Unconstrained build operations Thread 200"        [_thread_blocked, id=19924, stack(0x000000619cb00000,0x000000619cc00000) (1024K)]
  0x0000018ee08d9c80 JavaThread "C2 CompilerThread3"         daemon [_thread_blocked, id=22908, stack(0x000000619cc00000,0x000000619cd00000) (1024K)]
  0x0000018f2bdb7aa0 JavaThread "jar transforms Thread 11"          [_thread_blocked, id=23404, stack(0x000000619cd00000,0x000000619ce00000) (1024K)]
  0x0000018f2bdbcff0 JavaThread "jar transforms Thread 12"          [_thread_blocked, id=19188, stack(0x000000619ce00000,0x000000619cf00000) (1024K)]
  0x0000018ee08db7c0 JavaThread "C2 CompilerThread4"         daemon [_thread_blocked, id=5644, stack(0x000000619cf00000,0x000000619d000000) (1024K)]
  0x0000018f2bdbd680 JavaThread "jar transforms Thread 13"          [_thread_blocked, id=2356, stack(0x000000619d000000,0x000000619d100000) (1024K)]
  0x0000018f2bdbb5b0 JavaThread "jar transforms Thread 14"          [_thread_blocked, id=23348, stack(0x000000619d100000,0x000000619d200000) (1024K)]
  0x0000018f2bdbbc40 JavaThread "jar transforms Thread 15"          [_thread_blocked, id=23400, stack(0x000000619d200000,0x000000619d300000) (1024K)]
  0x0000018f2bdbc2d0 JavaThread "jar transforms Thread 16"          [_thread_blocked, id=23352, stack(0x000000619d300000,0x000000619d400000) (1024K)]
Total: 280

Other Threads:
=>0x0000018edd162df0 VMThread "VM Thread"                           [id=14260, stack(0x000000618a900000,0x000000618aa00000) (1024K)]
  0x0000018edd149fd0 WatcherThread "VM Periodic Task Thread"        [id=22316, stack(0x000000618a800000,0x000000618a900000) (1024K)]
  0x0000018ea9dda200 WorkerThread "GC Thread#0"                     [id=3268, stack(0x000000618a300000,0x000000618a400000) (1024K)]
  0x0000018ee05c1a20 WorkerThread "GC Thread#1"                     [id=11000, stack(0x000000618b700000,0x000000618b800000) (1024K)]
  0x0000018ee0751990 WorkerThread "GC Thread#2"                     [id=12728, stack(0x000000618b800000,0x000000618b900000) (1024K)]
  0x0000018ee0751d30 WorkerThread "GC Thread#3"                     [id=16696, stack(0x000000618b900000,0x000000618ba00000) (1024K)]
  0x0000018ee07520d0 WorkerThread "GC Thread#4"                     [id=20708, stack(0x000000618ba00000,0x000000618bb00000) (1024K)]
  0x0000018ee0752470 WorkerThread "GC Thread#5"                     [id=22044, stack(0x000000618bb00000,0x000000618bc00000) (1024K)]
  0x0000018f26b0c870 WorkerThread "GC Thread#6"                     [id=20384, stack(0x000000618be00000,0x000000618bf00000) (1024K)]
  0x0000018f26b0d6f0 WorkerThread "GC Thread#7"                     [id=8792, stack(0x000000618bf00000,0x000000618c000000) (1024K)]
  0x0000018f26b0d350 WorkerThread "GC Thread#8"                     [id=21276, stack(0x000000618c000000,0x000000618c100000) (1024K)]
  0x0000018f29186b10 WorkerThread "GC Thread#9"                     [id=4916, stack(0x000000618ce00000,0x000000618cf00000) (1024K)]
  0x0000018f29184330 WorkerThread "GC Thread#10"                    [id=9592, stack(0x000000618cf00000,0x000000618d000000) (1024K)]
  0x0000018f29186770 WorkerThread "GC Thread#11"                    [id=9920, stack(0x000000618d000000,0x000000618d100000) (1024K)]
  0x0000018f29184a70 WorkerThread "GC Thread#12"                    [id=8208, stack(0x000000618d100000,0x000000618d200000) (1024K)]
  0x0000018f291846d0 WorkerThread "GC Thread#13"                    [id=9244, stack(0x000000618d200000,0x000000618d300000) (1024K)]
  0x0000018f29187d30 WorkerThread "GC Thread#14"                    [id=3940, stack(0x000000618d300000,0x000000618d400000) (1024K)]
  0x0000018edcfc2010 ConcurrentGCThread "G1 Main Marker"            [id=12576, stack(0x000000618a400000,0x000000618a500000) (1024K)]
  0x0000018edcfc2a20 WorkerThread "G1 Conc#0"                       [id=11872, stack(0x000000618a500000,0x000000618a600000) (1024K)]
  0x0000018f29186eb0 WorkerThread "G1 Conc#1"                       [id=9468, stack(0x000000618d400000,0x000000618d500000) (1024K)]
  0x0000018f29187250 WorkerThread "G1 Conc#2"                       [id=3108, stack(0x000000618d500000,0x000000618d600000) (1024K)]
  0x0000018f291875f0 WorkerThread "G1 Conc#3"                       [id=3684, stack(0x000000618d600000,0x000000618d700000) (1024K)]
  0x0000018edd01d860 ConcurrentGCThread "G1 Refine#0"               [id=22308, stack(0x000000618a600000,0x000000618a700000) (1024K)]
  0x0000018edd0210a0 ConcurrentGCThread "G1 Service"                [id=21820, stack(0x000000618a700000,0x000000618a800000) (1024K)]
Total: 24

Threads with active compile tasks:
C2 CompilerThread0    18649 15728   !   4       org.gradle.internal.execution.impl.DefaultInputFingerprinter$InputCollectingVisitor::visitInputFileProperty (135 bytes)
C2 CompilerThread1    18649 15718       4       org.gradle.internal.snapshot.MerkleDirectorySnapshotBuilder::leaveDirectory (27 bytes)
C2 CompilerThread2    18649 15715   !   4       java.nio.file.Files::walkFileTree (297 bytes)
C2 CompilerThread3    18649 15724       4       org.gradle.internal.execution.impl.DefaultInputFingerprinter::fingerprintInputProperties (41 bytes)
C2 CompilerThread4    18649 15719       4       org.gradle.internal.snapshot.MerkleDirectorySnapshotBuilder$Directory::fold (145 bytes)
Total: 5

VM state: at safepoint (normal execution)

VM Mutex/Monitor currently owned by a thread:  ([mutex/lock_event])
[0x00007ff89980cd68] Threads_lock - owner thread: 0x0000018edd162df0
[0x00007ff89980ce68] Heap_lock - owner thread: 0x0000018edcfc2010

Heap address: 0x0000000600000000, size: 8192 MB, Compressed Oops mode: Zero based, Oop shift amount: 3

CDS archive(s) mapped at: [0x0000018ee1000000-0x0000018ee1c90000-0x0000018ee1c90000), size 13172736, SharedBaseAddress: 0x0000018ee1000000, ArchiveRelocationMode: 1.
Compressed class space mapped at: 0x0000018ee2000000-0x0000018f22000000, reserved size: 1073741824
Narrow klass base: 0x0000018ee1000000, Narrow klass shift: 0, Narrow klass range: 0x100000000

GC Precious Log:
 CardTable entry size: 512
 Card Set container configuration: InlinePtr #cards 4 size 8 Array Of Cards #cards 32 size 80 Howl #buckets 8 coarsen threshold 7372 Howl Bitmap #cards 1024 size 144 coarsen threshold 921 Card regions per heap region 1 cards per card region 8192
 CPUs: 20 total, 20 available
 Memory: 16109M
 Large Page Support: Disabled
 NUMA Support: Disabled
 Compressed Oops: Enabled (Zero based)
 Heap Region Size: 4M
 Heap Min Capacity: 8M
 Heap Initial Capacity: 252M
 Heap Max Capacity: 8G
 Pre-touch: Disabled
 Parallel Workers: 15
 Concurrent Workers: 4
 Concurrent Refinement Workers: 15
 Periodic GC: Disabled

Heap:
 garbage-first heap   total 274432K, used 191069K [0x0000000600000000, 0x0000000800000000)
  region size 4096K, 14 young (57344K), 3 survivors (12288K)
 Metaspace       used 106192K, committed 108736K, reserved 1179648K
  class space    used 14913K, committed 16192K, reserved 1048576K

Heap Regions: E=young(eden), S=young(survivor), O=old, HS=humongous(starts), HC=humongous(continues), CS=collection set, F=free, TAMS=top-at-mark-start, PB=parsable bottom
|   0|0x0000000600000000, 0x0000000600400000, 0x0000000600400000|100%|HS|  |TAMS 0x0000000600400000| PB 0x0000000600000000| Complete 
|   1|0x0000000600400000, 0x0000000600800000, 0x0000000600800000|100%| O|  |TAMS 0x0000000600800000| PB 0x0000000600800000| Untracked 
|   2|0x0000000600800000, 0x0000000600c00000, 0x0000000600c00000|100%| O|  |TAMS 0x0000000600c00000| PB 0x0000000600c00000| Untracked 
|   3|0x0000000600c00000, 0x0000000601000000, 0x0000000601000000|100%| O|  |TAMS 0x0000000601000000| PB 0x0000000601000000| Untracked 
|   4|0x0000000601000000, 0x0000000601400000, 0x0000000601400000|100%| O|  |TAMS 0x0000000601400000| PB 0x0000000601400000| Updating 
|   5|0x0000000601400000, 0x0000000601800000, 0x0000000601800000|100%| O|  |TAMS 0x0000000601800000| PB 0x0000000601800000| Updating 
|   6|0x0000000601800000, 0x0000000601c00000, 0x0000000601c00000|100%| O|  |TAMS 0x0000000601c00000| PB 0x0000000601c00000| Untracked 
|   7|0x0000000601c00000, 0x0000000602000000, 0x0000000602000000|100%| O|  |TAMS 0x0000000602000000| PB 0x0000000602000000| Untracked 
|   8|0x0000000602000000, 0x0000000602400000, 0x0000000602400000|100%| O|  |TAMS 0x0000000602400000| PB 0x0000000602400000| Untracked 
|   9|0x0000000602400000, 0x0000000602800000, 0x0000000602800000|100%| O|  |TAMS 0x0000000602800000| PB 0x0000000602800000| Untracked 
|  10|0x0000000602800000, 0x0000000602c00000, 0x0000000602c00000|100%|HS|  |TAMS 0x0000000602c00000| PB 0x0000000602800000| Complete 
|  11|0x0000000602c00000, 0x0000000603000000, 0x0000000603000000|100%|HS|  |TAMS 0x0000000603000000| PB 0x0000000602c00000| Complete 
|  12|0x0000000603000000, 0x0000000603400000, 0x0000000603400000|100%| O|  |TAMS 0x0000000603400000| PB 0x0000000603400000| Untracked 
|  13|0x0000000603400000, 0x0000000603800000, 0x0000000603800000|100%| O|  |TAMS 0x0000000603800000| PB 0x0000000603800000| Untracked 
|  14|0x0000000603800000, 0x0000000603c00000, 0x0000000603c00000|100%| O|  |TAMS 0x0000000603c00000| PB 0x0000000603c00000| Updating 
|  15|0x0000000603c00000, 0x0000000604000000, 0x0000000604000000|100%| O|  |TAMS 0x0000000604000000| PB 0x0000000604000000| Updating 
|  16|0x0000000604000000, 0x0000000604400000, 0x0000000604400000|100%| O|  |TAMS 0x0000000604400000| PB 0x0000000604400000| Updating 
|  17|0x0000000604400000, 0x0000000604800000, 0x0000000604800000|100%|HS|  |TAMS 0x0000000604800000| PB 0x0000000604400000| Complete 
|  18|0x0000000604800000, 0x0000000604c00000, 0x0000000604c00000|100%| O|  |TAMS 0x0000000604c00000| PB 0x0000000604c00000| Untracked 
|  19|0x0000000604c00000, 0x0000000605000000, 0x0000000605000000|100%| O|  |TAMS 0x0000000605000000| PB 0x0000000605000000| Untracked 
|  20|0x0000000605000000, 0x0000000605400000, 0x0000000605400000|100%| O|  |TAMS 0x0000000605400000| PB 0x0000000605400000| Untracked 
|  21|0x0000000605400000, 0x0000000605800000, 0x0000000605800000|100%| O|  |TAMS 0x0000000605800000| PB 0x0000000605800000| Untracked 
|  22|0x0000000605800000, 0x0000000605c00000, 0x0000000605c00000|100%| O|  |TAMS 0x0000000605c00000| PB 0x0000000605c00000| Updating 
|  23|0x0000000605c00000, 0x0000000606000000, 0x0000000606000000|100%|HS|  |TAMS 0x0000000606000000| PB 0x0000000605c00000| Complete 
|  24|0x0000000606000000, 0x0000000606400000, 0x0000000606400000|100%| O|  |TAMS 0x0000000606400000| PB 0x0000000606400000| Untracked 
|  25|0x0000000606400000, 0x0000000606400000, 0x0000000606800000|  0%| F|  |TAMS 0x0000000606400000| PB 0x0000000606400000| Untracked 
|  26|0x0000000606800000, 0x0000000606c00000, 0x0000000606c00000|100%| O|  |TAMS 0x0000000606c00000| PB 0x0000000606c00000| Updating 
|  27|0x0000000606c00000, 0x0000000607000000, 0x0000000607000000|100%| O|  |TAMS 0x0000000607000000| PB 0x0000000607000000| Untracked 
|  28|0x0000000607000000, 0x0000000607400000, 0x0000000607400000|100%| O|  |TAMS 0x0000000607400000| PB 0x0000000607400000| Untracked 
|  29|0x0000000607400000, 0x0000000607400000, 0x0000000607800000|  0%| F|  |TAMS 0x0000000607400000| PB 0x0000000607400000| Untracked 
|  30|0x0000000607800000, 0x0000000607c00000, 0x0000000607c00000|100%| O|  |TAMS 0x0000000607c00000| PB 0x0000000607c00000| Untracked 
|  31|0x0000000607c00000, 0x0000000608000000, 0x0000000608000000|100%| O|  |TAMS 0x0000000608000000| PB 0x0000000608000000| Untracked 
|  32|0x0000000608000000, 0x0000000608000000, 0x0000000608400000|  0%| F|  |TAMS 0x0000000608000000| PB 0x0000000608000000| Untracked 
|  33|0x0000000608400000, 0x0000000608800000, 0x0000000608800000|100%| O|  |TAMS 0x0000000608800000| PB 0x0000000608800000| Updating 
|  34|0x0000000608800000, 0x0000000608800000, 0x0000000608c00000|  0%| F|  |TAMS 0x0000000608800000| PB 0x0000000608800000| Untracked 
|  35|0x0000000608c00000, 0x0000000608c00000, 0x0000000609000000|  0%| F|  |TAMS 0x0000000608c00000| PB 0x0000000608c00000| Untracked 
|  36|0x0000000609000000, 0x0000000609400000, 0x0000000609400000|100%| O|  |TAMS 0x0000000609400000| PB 0x0000000609400000| Untracked 
|  37|0x0000000609400000, 0x0000000609800000, 0x0000000609800000|100%| O|  |TAMS 0x0000000609800000| PB 0x0000000609800000| Untracked 
|  38|0x0000000609800000, 0x00000006098aff50, 0x0000000609c00000| 17%| S|CS|TAMS 0x0000000609800000| PB 0x0000000609800000| Complete 
|  39|0x0000000609c00000, 0x0000000609de75a0, 0x000000060a000000| 47%| O|  |TAMS 0x0000000609de75a0| PB 0x0000000609de75a0| Updating 
|  40|0x000000060a000000, 0x000000060a400000, 0x000000060a400000|100%| S|CS|TAMS 0x000000060a000000| PB 0x000000060a000000| Complete 
|  41|0x000000060a400000, 0x000000060a800000, 0x000000060a800000|100%| S|CS|TAMS 0x000000060a400000| PB 0x000000060a400000| Complete 
|  42|0x000000060a800000, 0x000000060a800000, 0x000000060ac00000|  0%| F|  |TAMS 0x000000060a800000| PB 0x000000060a800000| Untracked 
|  43|0x000000060ac00000, 0x000000060ac00000, 0x000000060b000000|  0%| F|  |TAMS 0x000000060ac00000| PB 0x000000060ac00000| Untracked 
|  44|0x000000060b000000, 0x000000060b000000, 0x000000060b400000|  0%| F|  |TAMS 0x000000060b000000| PB 0x000000060b000000| Untracked 
|  45|0x000000060b400000, 0x000000060b400000, 0x000000060b800000|  0%| F|  |TAMS 0x000000060b400000| PB 0x000000060b400000| Untracked 
|  46|0x000000060b800000, 0x000000060b800000, 0x000000060bc00000|  0%| F|  |TAMS 0x000000060b800000| PB 0x000000060b800000| Untracked 
|  47|0x000000060bc00000, 0x000000060bc00000, 0x000000060c000000|  0%| F|  |TAMS 0x000000060bc00000| PB 0x000000060bc00000| Untracked 
|  48|0x000000060c000000, 0x000000060c000000, 0x000000060c400000|  0%| F|  |TAMS 0x000000060c000000| PB 0x000000060c000000| Untracked 
|  49|0x000000060c400000, 0x000000060c400000, 0x000000060c800000|  0%| F|  |TAMS 0x000000060c400000| PB 0x000000060c400000| Untracked 
|  50|0x000000060c800000, 0x000000060c800000, 0x000000060cc00000|  0%| F|  |TAMS 0x000000060c800000| PB 0x000000060c800000| Untracked 
|  51|0x000000060cc00000, 0x000000060cc00000, 0x000000060d000000|  0%| F|  |TAMS 0x000000060cc00000| PB 0x000000060cc00000| Untracked 
|  52|0x000000060d000000, 0x000000060d000000, 0x000000060d400000|  0%| F|  |TAMS 0x000000060d000000| PB 0x000000060d000000| Untracked 
|  53|0x000000060d400000, 0x000000060d50cec8, 0x000000060d800000| 26%| E|  |TAMS 0x000000060d400000| PB 0x000000060d400000| Complete 
|  54|0x000000060d800000, 0x000000060dc00000, 0x000000060dc00000|100%| E|CS|TAMS 0x000000060d800000| PB 0x000000060d800000| Complete 
|  55|0x000000060dc00000, 0x000000060e000000, 0x000000060e000000|100%| E|  |TAMS 0x000000060dc00000| PB 0x000000060dc00000| Complete 
|  56|0x000000060e000000, 0x000000060e400000, 0x000000060e400000|100%| E|CS|TAMS 0x000000060e000000| PB 0x000000060e000000| Complete 
|  57|0x000000060e400000, 0x000000060e800000, 0x000000060e800000|100%| E|CS|TAMS 0x000000060e400000| PB 0x000000060e400000| Complete 
|  58|0x000000060e800000, 0x000000060ec00000, 0x000000060ec00000|100%| E|CS|TAMS 0x000000060e800000| PB 0x000000060e800000| Complete 
|  59|0x000000060ec00000, 0x000000060f000000, 0x000000060f000000|100%| E|CS|TAMS 0x000000060ec00000| PB 0x000000060ec00000| Complete 
|  60|0x000000060f000000, 0x000000060f400000, 0x000000060f400000|100%| E|CS|TAMS 0x000000060f000000| PB 0x000000060f000000| Complete 
|  61|0x000000060f400000, 0x000000060f400000, 0x000000060f800000|  0%| F|  |TAMS 0x000000060f400000| PB 0x000000060f400000| Untracked 
|  62|0x000000060f800000, 0x000000060fc00000, 0x000000060fc00000|100%| E|CS|TAMS 0x000000060f800000| PB 0x000000060f800000| Complete 
|2044|0x00000007ff000000, 0x00000007ff400000, 0x00000007ff400000|100%| E|CS|TAMS 0x00000007ff000000| PB 0x00000007ff000000| Complete 
|2045|0x00000007ff400000, 0x00000007ff800000, 0x00000007ff800000|100%| E|CS|TAMS 0x00000007ff400000| PB 0x00000007ff400000| Complete 
|2046|0x00000007ff800000, 0x00000007ffc00000, 0x00000007ffc00000|100%| O|  |TAMS 0x00000007ffc00000| PB 0x00000007ffc00000| Untracked 
|2047|0x00000007ffc00000, 0x0000000800000000, 0x0000000800000000|100%| O|  |TAMS 0x0000000800000000| PB 0x0000000800000000| Untracked 

Card table byte_map: [0x0000018ed3e70000,0x0000018ed4e70000] _byte_map_base: 0x0000018ed0e70000

Marking Bits: (CMBitMap*) 0x0000018ea9ddb820
 Bits: [0x0000018ed4e70000, 0x0000018edce70000)

Polling page: 0x0000018ea7bd0000

Metaspace:

Usage:
  Non-class:     89.14 MB used.
      Class:     14.56 MB used.
       Both:    103.70 MB used.

Virtual space:
  Non-class space:      128.00 MB reserved,      90.38 MB ( 71%) committed,  2 nodes.
      Class space:        1.00 GB reserved,      15.81 MB (  2%) committed,  1 nodes.
             Both:        1.12 GB reserved,     106.19 MB (  9%) committed. 

Chunk freelists:
   Non-Class:  5.61 MB
       Class:  250.00 KB
        Both:  5.85 MB

MaxMetaspaceSize: 4.00 GB
CompressedClassSpaceSize: 1.00 GB
Initial GC threshold: 21.00 MB
Current GC threshold: 173.56 MB
CDS: on
 - commit_granule_bytes: 65536.
 - commit_granule_words: 8192.
 - virtual_space_node_default_size: 8388608.
 - enlarge_chunks_in_place: 1.
 - use_allocation_guard: 0.


Internal statistics:

num_allocs_failed_limit: 14.
num_arena_births: 4440.
num_arena_deaths: 0.
num_vsnodes_births: 3.
num_vsnodes_deaths: 0.
num_space_committed: 1699.
num_space_uncommitted: 0.
num_chunks_returned_to_freelist: 14.
num_chunks_taken_from_freelist: 9531.
num_chunk_merges: 3.
num_chunk_splits: 6188.
num_chunks_enlarged: 3841.
num_inconsistent_stats: 0.

CodeHeap 'non-profiled nmethods': size=258432Kb used=8894Kb max_used=9036Kb free=249538Kb
 bounds [0x0000018ec2530000, 0x0000018ec2e10000, 0x0000018ed2190000]
CodeHeap 'profiled nmethods': size=258368Kb used=25201Kb max_used=25709Kb free=233166Kb
 bounds [0x0000018eb2190000, 0x0000018eb3ab0000, 0x0000018ec1de0000]
CodeHeap 'non-nmethods': size=7488Kb used=4618Kb max_used=4685Kb free=2869Kb
 bounds [0x0000018ec1de0000, 0x0000018ec2280000, 0x0000018ec2530000]
 total_blobs=14176 nmethods=13163 adapters=913
 compilation: enabled
              stopped_count=0, restarted_count=0
 full_count=0

Compilation events (20 events):
Event: 16.519 Thread 0x0000018f28b76750 nmethod 15714 0x0000018ec2df5790 code [0x0000018ec2df59a0, 0x0000018ec2df5ff8]
Event: 16.519 Thread 0x0000018f28b76750 15718       4       org.gradle.internal.snapshot.MerkleDirectorySnapshotBuilder::leaveDirectory (27 bytes)
Event: 16.520 Thread 0x0000018ee02ca930 nmethod 15700 0x0000018ec2df6310 code [0x0000018ec2df67a0, 0x0000018ec2df9978]
Event: 16.521 Thread 0x0000018ee02ca930 15720       4       org.gradle.internal.execution.impl.DefaultFileNormalizationSpec::hashCode (29 bytes)
Event: 16.522 Thread 0x0000018ee02ca930 nmethod 15720 0x0000018ec2dfb890 code [0x0000018ec2dfba20, 0x0000018ec2dfbc00]
Event: 16.522 Thread 0x0000018ee02ca930 15721       4       org.gradle.api.internal.artifacts.transform.DefaultTransformInvocationFactory$$Lambda/0x0000018ee28478f8::apply (12 bytes)
Event: 16.529 Thread 0x0000018ee08d9c80 nmethod 15716 0x0000018ec2dfbd10 code [0x0000018ec2dfc060, 0x0000018ec2dfd620]
Event: 16.530 Thread 0x0000018ee08d9c80 15722       4       org.gradle.internal.execution.impl.DefaultFileNormalizationSpec::equals (71 bytes)
Event: 16.531 Thread 0x0000018ee08d9c80 nmethod 15722 0x0000018ec2dfe490 code [0x0000018ec2dfe620, 0x0000018ec2dfe798]
Event: 16.536 Thread 0x0000018ee08d9c80 15723       4       org.gradle.internal.fingerprint.impl.DefaultCurrentFileCollectionFingerprint::from (96 bytes)
Event: 16.543 Thread 0x0000018ee08d9c80 nmethod 15723 0x0000018ec2dfe910 code [0x0000018ec2dfeb60, 0x0000018ec2dff490]
Event: 16.543 Thread 0x0000018ee08d9c80 15724       4       org.gradle.internal.execution.impl.DefaultInputFingerprinter::fingerprintInputProperties (41 bytes)
Event: 16.551 Thread 0x0000018ee02ca930 nmethod 15721 0x0000018ec2dffa10 code [0x0000018ec2dffce0, 0x0000018ec2e00d10]
Event: 16.551 Thread 0x0000018ee02ca930 15725       4       org.gradle.internal.execution.impl.DefaultExecutionEngine$1::createExecutionRequestContext (44 bytes)
Event: 16.559 Thread 0x0000018ee02ca930 nmethod 15725 0x0000018ec2e01a10 code [0x0000018ec2e01c00, 0x0000018ec2e02420]
Event: 16.560 Thread 0x0000018ee02ca930 15726       4       sun.nio.fs.WindowsPath::getNameCount (10 bytes)
Event: 16.561 Thread 0x0000018ee02ca930 nmethod 15726 0x0000018ec2e02710 code [0x0000018ec2e028a0, 0x0000018ec2e02970]
Event: 16.562 Thread 0x0000018ee02ca930 15727       4       org.gradle.internal.execution.impl.DefaultFileCollectionFingerprinterRegistry::getFingerprinter (67 bytes)
Event: 16.568 Thread 0x0000018ee02ca930 nmethod 15727 0x0000018ec2e02a10 code [0x0000018ec2e02bc0, 0x0000018ec2e02ea0]
Event: 16.568 Thread 0x0000018ee02ca930 15728   !   4       org.gradle.internal.execution.impl.DefaultInputFingerprinter$InputCollectingVisitor::visitInputFileProperty (135 bytes)

GC Heap History (20 events):
Event: 12.563 GC heap before
{Heap before GC invocations=30 (full 0):
 garbage-first heap   total 212992K, used 112645K [0x0000000600000000, 0x0000000800000000)
  region size 4096K, 4 young (16384K), 3 survivors (12288K)
 Metaspace       used 89262K, committed 91584K, reserved 1179648K
  class space    used 12465K, committed 13632K, reserved 1048576K
}
Event: 12.565 GC heap after
{Heap after GC invocations=31 (full 0):
 garbage-first heap   total 212992K, used 113157K [0x0000000600000000, 0x0000000800000000)
  region size 4096K, 1 young (4096K), 1 survivors (4096K)
 Metaspace       used 89262K, committed 91584K, reserved 1179648K
  class space    used 12465K, committed 13632K, reserved 1048576K
}
Event: 14.180 GC heap before
{Heap before GC invocations=32 (full 0):
 garbage-first heap   total 212992K, used 190981K [0x0000000600000000, 0x0000000800000000)
  region size 4096K, 19 young (77824K), 1 survivors (4096K)
 Metaspace       used 91805K, committed 94144K, reserved 1179648K
  class space    used 12795K, committed 13952K, reserved 1048576K
}
Event: 14.185 GC heap after
{Heap after GC invocations=33 (full 0):
 garbage-first heap   total 212992K, used 124337K [0x0000000600000000, 0x0000000800000000)
  region size 4096K, 3 young (12288K), 3 survivors (12288K)
 Metaspace       used 91805K, committed 94144K, reserved 1179648K
  class space    used 12795K, committed 13952K, reserved 1048576K
}
Event: 14.513 GC heap before
{Heap before GC invocations=33 (full 0):
 garbage-first heap   total 212992K, used 177585K [0x0000000600000000, 0x0000000800000000)
  region size 4096K, 17 young (69632K), 3 survivors (12288K)
 Metaspace       used 95585K, committed 97920K, reserved 1179648K
  class space    used 13291K, committed 14464K, reserved 1048576K
}
Event: 14.518 GC heap after
{Heap after GC invocations=34 (full 0):
 garbage-first heap   total 212992K, used 124707K [0x0000000600000000, 0x0000000800000000)
  region size 4096K, 1 young (4096K), 1 survivors (4096K)
 Metaspace       used 95585K, committed 97920K, reserved 1179648K
  class space    used 13291K, committed 14464K, reserved 1048576K
}
Event: 14.968 GC heap before
{Heap before GC invocations=34 (full 0):
 garbage-first heap   total 212992K, used 190243K [0x0000000600000000, 0x0000000800000000)
  region size 4096K, 17 young (69632K), 1 survivors (4096K)
 Metaspace       used 100514K, committed 102848K, reserved 1179648K
  class space    used 14120K, committed 15296K, reserved 1048576K
}
Event: 14.971 GC heap after
{Heap after GC invocations=35 (full 0):
 garbage-first heap   total 212992K, used 125923K [0x0000000600000000, 0x0000000800000000)
  region size 4096K, 2 young (8192K), 2 survivors (8192K)
 Metaspace       used 100514K, committed 102848K, reserved 1179648K
  class space    used 14120K, committed 15296K, reserved 1048576K
}
Event: 15.301 GC heap before
{Heap before GC invocations=36 (full 0):
 garbage-first heap   total 225280K, used 183267K [0x0000000600000000, 0x0000000800000000)
  region size 4096K, 16 young (65536K), 2 survivors (8192K)
 Metaspace       used 103379K, committed 105792K, reserved 1179648K
  class space    used 14533K, committed 15744K, reserved 1048576K
}
Event: 15.305 GC heap after
{Heap after GC invocations=37 (full 0):
 garbage-first heap   total 225280K, used 127923K [0x0000000600000000, 0x0000000800000000)
  region size 4096K, 2 young (8192K), 2 survivors (8192K)
 Metaspace       used 103379K, committed 105792K, reserved 1179648K
  class space    used 14533K, committed 15744K, reserved 1048576K
}
Event: 15.562 GC heap before
{Heap before GC invocations=37 (full 0):
 garbage-first heap   total 225280K, used 197555K [0x0000000600000000, 0x0000000800000000)
  region size 4096K, 19 young (77824K), 2 survivors (8192K)
 Metaspace       used 104153K, committed 106560K, reserved 1179648K
  class space    used 14614K, committed 15808K, reserved 1048576K
}
Event: 15.568 GC heap after
{Heap after GC invocations=38 (full 0):
 garbage-first heap   total 225280K, used 132638K [0x0000000600000000, 0x0000000800000000)
  region size 4096K, 3 young (12288K), 3 survivors (12288K)
 Metaspace       used 104153K, committed 106560K, reserved 1179648K
  class space    used 14614K, committed 15808K, reserved 1048576K
}
Event: 15.627 GC heap before
{Heap before GC invocations=38 (full 0):
 garbage-first heap   total 225280K, used 194078K [0x0000000600000000, 0x0000000800000000)
  region size 4096K, 18 young (73728K), 3 survivors (12288K)
 Metaspace       used 104154K, committed 106560K, reserved 1179648K
  class space    used 14614K, committed 15808K, reserved 1048576K
}
Event: 15.632 GC heap after
{Heap after GC invocations=39 (full 0):
 garbage-first heap   total 270336K, used 135957K [0x0000000600000000, 0x0000000800000000)
  region size 4096K, 2 young (8192K), 2 survivors (8192K)
 Metaspace       used 104154K, committed 106560K, reserved 1179648K
  class space    used 14614K, committed 15808K, reserved 1048576K
}
Event: 16.154 GC heap before
{Heap before GC invocations=40 (full 0):
 garbage-first heap   total 270336K, used 234261K [0x0000000600000000, 0x0000000800000000)
  region size 4096K, 27 young (110592K), 2 survivors (8192K)
 Metaspace       used 105944K, committed 108416K, reserved 1179648K
  class space    used 14894K, committed 16128K, reserved 1048576K
}
Event: 16.159 GC heap after
{Heap after GC invocations=41 (full 0):
 garbage-first heap   total 270336K, used 150031K [0x0000000600000000, 0x0000000800000000)
  region size 4096K, 4 young (16384K), 4 survivors (16384K)
 Metaspace       used 105944K, committed 108416K, reserved 1179648K
  class space    used 14894K, committed 16128K, reserved 1048576K
}
Event: 16.249 GC heap before
{Heap before GC invocations=41 (full 0):
 garbage-first heap   total 270336K, used 227855K [0x0000000600000000, 0x0000000800000000)
  region size 4096K, 24 young (98304K), 4 survivors (16384K)
 Metaspace       used 105944K, committed 108416K, reserved 1179648K
  class space    used 14894K, committed 16128K, reserved 1048576K
}
Event: 16.254 GC heap after
{Heap after GC invocations=42 (full 0):
 garbage-first heap   total 270336K, used 150436K [0x0000000600000000, 0x0000000800000000)
  region size 4096K, 2 young (8192K), 2 survivors (8192K)
 Metaspace       used 105944K, committed 108416K, reserved 1179648K
  class space    used 14894K, committed 16128K, reserved 1048576K
}
Event: 16.531 GC heap before
{Heap before GC invocations=42 (full 0):
 garbage-first heap   total 270336K, used 228260K [0x0000000600000000, 0x0000000800000000)
  region size 4096K, 22 young (90112K), 2 survivors (8192K)
 Metaspace       used 106192K, committed 108736K, reserved 1179648K
  class space    used 14913K, committed 16192K, reserved 1048576K
}
Event: 16.534 GC heap after
{Heap after GC invocations=43 (full 0):
 garbage-first heap   total 270336K, used 154205K [0x0000000600000000, 0x0000000800000000)
  region size 4096K, 3 young (12288K), 3 survivors (12288K)
 Metaspace       used 106192K, committed 108736K, reserved 1179648K
  class space    used 14913K, committed 16192K, reserved 1048576K
}

Dll operation events (15 events):
Event: 0.008 Loaded shared library C:\Program Files\Java\jdk-21\bin\java.dll
Event: 0.033 Loaded shared library C:\Program Files\Java\jdk-21\bin\jsvml.dll
Event: 0.065 Loaded shared library C:\Program Files\Java\jdk-21\bin\zip.dll
Event: 0.069 Loaded shared library C:\Program Files\Java\jdk-21\bin\instrument.dll
Event: 0.073 Loaded shared library C:\Program Files\Java\jdk-21\bin\net.dll
Event: 0.075 Loaded shared library C:\Program Files\Java\jdk-21\bin\nio.dll
Event: 0.077 Loaded shared library C:\Program Files\Java\jdk-21\bin\zip.dll
Event: 0.247 Loaded shared library C:\Program Files\Java\jdk-21\bin\jimage.dll
Event: 0.333 Loaded shared library C:\Program Files\Java\jdk-21\bin\verify.dll
Event: 0.443 Loaded shared library C:\Users\tqpha\.gradle\native\c067742578af261105cb4f569cf0c3c89f3d7b1fecec35dd04571415982c5e48\windows-amd64\native-platform.dll
Event: 0.447 Loaded shared library C:\Users\tqpha\.gradle\native\100fb08df4bc3b14c8652ba06237920a3bd2aa13389f12d3474272988ae205f9\windows-amd64\native-platform-file-events.dll
Event: 1.317 Loaded shared library C:\Program Files\Java\jdk-21\bin\management.dll
Event: 1.321 Loaded shared library C:\Program Files\Java\jdk-21\bin\management_ext.dll
Event: 1.514 Loaded shared library C:\Program Files\Java\jdk-21\bin\extnet.dll
Event: 1.647 Loaded shared library C:\Program Files\Java\jdk-21\bin\sunmscapi.dll

Deoptimization events (20 events):
Event: 16.011 Thread 0x0000018f27621460 Uncommon trap: trap_request=0xffffff45 fr.pc=0x0000018ec2adc14c relative=0x000000000000014c
Event: 16.011 Thread 0x0000018f27621460 Uncommon trap: reason=unstable_if action=reinterpret pc=0x0000018ec2adc14c method=sun.nio.ch.IOUtil.writeFromNativeBuffer(Ljava/io/FileDescriptor;Ljava/nio/ByteBuffer;JZZILsun/nio/ch/NativeDispatcher;)I @ 153 c2
Event: 16.011 Thread 0x0000018f27621460 DEOPT PACKING pc=0x0000018ec2adc14c sp=0x000000618caff1b0
Event: 16.011 Thread 0x0000018f27621460 DEOPT UNPACKING pc=0x0000018ec1e346a2 sp=0x000000618caff078 mode 2
Event: 16.018 Thread 0x0000018f2bdbd680 Uncommon trap: trap_request=0xffffffc6 fr.pc=0x0000018ec2b29324 relative=0x00000000000021e4
Event: 16.018 Thread 0x0000018f2bdbd680 Uncommon trap: reason=bimorphic_or_optimized_type_check action=maybe_recompile pc=0x0000018ec2b29324 method=java.util.concurrent.FutureTask.run()V @ 39 c2
Event: 16.018 Thread 0x0000018f2bdbd680 DEOPT PACKING pc=0x0000018ec2b29324 sp=0x000000619d0ff320
Event: 16.018 Thread 0x0000018f2bdbd680 DEOPT UNPACKING pc=0x0000018ec1e346a2 sp=0x000000619d0ff308 mode 2
Event: 16.067 Thread 0x0000018f27620dd0 Uncommon trap: trap_request=0xffffffde fr.pc=0x0000018ec2a81704 relative=0x00000000000032e4
Event: 16.067 Thread 0x0000018f27620dd0 Uncommon trap: reason=class_check action=maybe_recompile pc=0x0000018ec2a81704 method=org.gradle.tooling.internal.provider.runner.ClientBuildEventGenerator.finished(Lorg/gradle/internal/operations/BuildOperationDescriptor;Lorg/gradle/internal/operations/O
Event: 16.067 Thread 0x0000018f27620dd0 DEOPT PACKING pc=0x0000018ec2a81704 sp=0x000000618c7faae0
Event: 16.067 Thread 0x0000018f27620dd0 DEOPT UNPACKING pc=0x0000018ec1e346a2 sp=0x000000618c7faaf0 mode 2
Event: 16.327 Thread 0x0000018f27621460 Uncommon trap: trap_request=0xffffff45 fr.pc=0x0000018ec2adccf4 relative=0x0000000000000174
Event: 16.327 Thread 0x0000018f27621460 Uncommon trap: reason=unstable_if action=reinterpret pc=0x0000018ec2adccf4 method=sun.nio.ch.IOUtil.writeFromNativeBuffer(Ljava/io/FileDescriptor;Ljava/nio/ByteBuffer;JZZILsun/nio/ch/NativeDispatcher;)I @ 153 c2
Event: 16.327 Thread 0x0000018f27621460 DEOPT PACKING pc=0x0000018ec2adccf4 sp=0x000000618caff170
Event: 16.327 Thread 0x0000018f27621460 DEOPT UNPACKING pc=0x0000018ec1e346a2 sp=0x000000618caff0c8 mode 2
Event: 16.425 Thread 0x0000018f27620dd0 Uncommon trap: trap_request=0xffffff45 fr.pc=0x0000018ec2d5007c relative=0x000000000000163c
Event: 16.425 Thread 0x0000018f27620dd0 Uncommon trap: reason=unstable_if action=reinterpret pc=0x0000018ec2d5007c method=com.esotericsoftware.kryo.io.Output.writeString(Ljava/lang/String;)V @ 39 c2
Event: 16.425 Thread 0x0000018f27620dd0 DEOPT PACKING pc=0x0000018ec2d5007c sp=0x000000618c7f82e0
Event: 16.425 Thread 0x0000018f27620dd0 DEOPT UNPACKING pc=0x0000018ec1e346a2 sp=0x000000618c7f8158 mode 2

Classes loaded (20 events):
Event: 14.488 Loading class jdk/internal/vm/annotation/ForceInline
Event: 14.488 Loading class jdk/internal/vm/annotation/ForceInline done
Event: 14.522 Loading class java/util/regex/Pattern$Caret
Event: 14.522 Loading class java/util/regex/Pattern$Caret done
Event: 14.896 Loading class java/net/Proxy
Event: 14.896 Loading class java/net/Proxy done
Event: 14.896 Loading class java/net/Proxy$Type
Event: 14.896 Loading class java/net/Proxy$Type done
Event: 14.927 Loading class java/io/FileReader
Event: 14.927 Loading class java/io/FileReader done
Event: 15.823 Loading class java/beans/IntrospectionException
Event: 15.823 Loading class java/beans/IntrospectionException done
Event: 15.831 Loading class java/lang/EnumBeanInfo
Event: 15.831 Loading class java/lang/EnumBeanInfo done
Event: 15.831 Loading class java/lang/EnumBeanInfo
Event: 15.831 Loading class java/lang/EnumBeanInfo done
Event: 15.831 Loading class java/lang/EnumCustomizer
Event: 15.831 Loading class java/lang/EnumCustomizer done
Event: 15.831 Loading class java/lang/EnumCustomizer
Event: 15.831 Loading class java/lang/EnumCustomizer done

Classes unloaded (0 events):
No events

Classes redefined (0 events):
No events

Internal exceptions (20 events):
Event: 15.855 Thread 0x0000018f27620dd0 Exception <a 'java/lang/ClassNotFoundException'{0x000000060d059d50}: com/android/build/gradle/internal/dsl/TestOptions$UnitTestOptionsBeanInfo> (0x000000060d059d50) 
thrown [s\open\src\hotspot\share\classfile\systemDictionary.cpp, line 312]
Event: 15.855 Thread 0x0000018f27620dd0 Exception <a 'java/lang/ClassNotFoundException'{0x000000060d067db0}: com/android/build/gradle/internal/dsl/TestOptions$UnitTestOptionsCustomizer> (0x000000060d067db0) 
thrown [s\open\src\hotspot\share\classfile\systemDictionary.cpp, line 312]
Event: 15.855 Thread 0x0000018f27620dd0 Exception <a 'java/lang/ClassNotFoundException'{0x000000060d07d178}: com/android/build/gradle/internal/dsl/TestOptions$UnitTestOptions_DecoratedCustomizer> (0x000000060d07d178) 
thrown [s\open\src\hotspot\share\classfile\systemDictionary.cpp, line 312]
Event: 15.961 Thread 0x0000018f27620dd0 Implicit null exception at 0x0000018ec2d0dabe to 0x0000018ec2d0db8c
Event: 15.962 Thread 0x0000018f27621460 Implicit null exception at 0x0000018ec2a0350b to 0x0000018ec2a035e4
Event: 15.962 Thread 0x0000018f27621460 Implicit null exception at 0x0000018ec2b1f68e to 0x0000018ec2b1fe5c
Event: 15.966 Thread 0x0000018f27620dd0 Exception <a 'java/lang/ClassNotFoundException'{0x000000060c337398}: com/android/build/gradle/internal/api/LibraryVariantOutputImpl_DecoratedBeanInfo> (0x000000060c337398) 
thrown [s\open\src\hotspot\share\classfile\systemDictionary.cpp, line 312]
Event: 15.967 Thread 0x0000018f27620dd0 Exception <a 'java/lang/ClassNotFoundException'{0x000000060c343548}: com/android/build/gradle/internal/api/LibraryVariantOutputImplBeanInfo> (0x000000060c343548) 
thrown [s\open\src\hotspot\share\classfile\systemDictionary.cpp, line 312]
Event: 15.967 Thread 0x0000018f27620dd0 Exception <a 'java/lang/ClassNotFoundException'{0x000000060c34f760}: com/android/build/gradle/internal/api/LibraryVariantOutputImplCustomizer> (0x000000060c34f760) 
thrown [s\open\src\hotspot\share\classfile\systemDictionary.cpp, line 312]
Event: 15.968 Thread 0x0000018f27620dd0 Exception <a 'java/lang/ClassNotFoundException'{0x000000060c364ff0}: com/android/build/gradle/internal/api/LibraryVariantOutputImpl_DecoratedCustomizer> (0x000000060c364ff0) 
thrown [s\open\src\hotspot\share\classfile\systemDictionary.cpp, line 312]
Event: 15.985 Thread 0x0000018f27620dd0 Exception <a 'java/lang/ClassNotFoundException'{0x000000060bcf37c8}: build_3fsnolyyckea3n4vcidhty6mpBeanInfo> (0x000000060bcf37c8) 
thrown [s\open\src\hotspot\share\classfile\systemDictionary.cpp, line 312]
Event: 15.985 Thread 0x0000018f27620dd0 Exception <a 'java/lang/ClassNotFoundException'{0x000000060bcfa140}: build_3fsnolyyckea3n4vcidhty6mpCustomizer> (0x000000060bcfa140) 
thrown [s\open\src\hotspot\share\classfile\systemDictionary.cpp, line 312]
Event: 16.022 Thread 0x0000018f27620dd0 Exception <a 'java/lang/ClassNotFoundException'{0x000000060b1b5c18}: build_3fsnolyyckea3n4vcidhty6mpBeanInfo> (0x000000060b1b5c18) 
thrown [s\open\src\hotspot\share\classfile\systemDictionary.cpp, line 312]
Event: 16.022 Thread 0x0000018f27620dd0 Exception <a 'java/lang/ClassNotFoundException'{0x000000060b1bc528}: build_3fsnolyyckea3n4vcidhty6mpCustomizer> (0x000000060b1bc528) 
thrown [s\open\src\hotspot\share\classfile\systemDictionary.cpp, line 312]
Event: 16.076 Thread 0x0000018f27620dd0 Exception <a 'java/lang/ClassNotFoundException'{0x000000060a8c2320}: build_bs3xkg0oq2f0xie0dvwb5uesaBeanInfo> (0x000000060a8c2320) 
thrown [s\open\src\hotspot\share\classfile\systemDictionary.cpp, line 312]
Event: 16.077 Thread 0x0000018f27620dd0 Exception <a 'java/lang/ClassNotFoundException'{0x000000060a8c8c98}: build_bs3xkg0oq2f0xie0dvwb5uesaCustomizer> (0x000000060a8c8c98) 
thrown [s\open\src\hotspot\share\classfile\systemDictionary.cpp, line 312]
Event: 16.267 Thread 0x0000018f27620dd0 Exception <a 'java/lang/ClassNotFoundException'{0x00000007ff672b78}: build_bs3xkg0oq2f0xie0dvwb5uesaBeanInfo> (0x00000007ff672b78) 
thrown [s\open\src\hotspot\share\classfile\systemDictionary.cpp, line 312]
Event: 16.267 Thread 0x0000018f27620dd0 Exception <a 'java/lang/ClassNotFoundException'{0x00000007ff679488}: build_bs3xkg0oq2f0xie0dvwb5uesaCustomizer> (0x00000007ff679488) 
thrown [s\open\src\hotspot\share\classfile\systemDictionary.cpp, line 312]
Event: 16.318 Thread 0x0000018f27620dd0 Exception <a 'java/lang/ClassNotFoundException'{0x000000060f9ba6a0}: build_2kvkhyiqk1d2vxio1uwvo7khrBeanInfo> (0x000000060f9ba6a0) 
thrown [s\open\src\hotspot\share\classfile\systemDictionary.cpp, line 312]
Event: 16.318 Thread 0x0000018f27620dd0 Exception <a 'java/lang/ClassNotFoundException'{0x000000060f9c1018}: build_2kvkhyiqk1d2vxio1uwvo7khrCustomizer> (0x000000060f9c1018) 
thrown [s\open\src\hotspot\share\classfile\systemDictionary.cpp, line 312]

ZGC Phase Switch (0 events):
No events

VM Operations (20 events):
Event: 15.305 Executing VM operation: G1CollectForAllocation (G1 Evacuation Pause) done
Event: 15.422 Executing VM operation: ICBufferFull
Event: 15.422 Executing VM operation: ICBufferFull done
Event: 15.562 Executing VM operation: G1CollectForAllocation (G1 Evacuation Pause)
Event: 15.568 Executing VM operation: G1CollectForAllocation (G1 Evacuation Pause) done
Event: 15.627 Executing VM operation: G1CollectForAllocation (G1 Evacuation Pause)
Event: 15.632 Executing VM operation: G1CollectForAllocation (G1 Evacuation Pause) done
Event: 15.661 Executing VM operation: G1PauseRemark
Event: 15.665 Executing VM operation: G1PauseRemark done
Event: 15.680 Executing VM operation: G1PauseCleanup
Event: 15.680 Executing VM operation: G1PauseCleanup done
Event: 16.030 Executing VM operation: ICBufferFull
Event: 16.030 Executing VM operation: ICBufferFull done
Event: 16.154 Executing VM operation: G1CollectForAllocation (G1 Evacuation Pause)
Event: 16.159 Executing VM operation: G1CollectForAllocation (G1 Evacuation Pause) done
Event: 16.249 Executing VM operation: G1CollectForAllocation (G1 Evacuation Pause)
Event: 16.254 Executing VM operation: G1CollectForAllocation (G1 Evacuation Pause) done
Event: 16.531 Executing VM operation: G1CollectForAllocation (G1 Evacuation Pause)
Event: 16.535 Executing VM operation: G1CollectForAllocation (G1 Evacuation Pause) done
Event: 16.581 Executing VM operation: G1PauseRemark

Events (20 events):
Event: 16.586 Thread 0x0000018edd162df0 flushing nmethod 0x0000018ec2cc8210
Event: 16.586 Thread 0x0000018edd162df0 flushing nmethod 0x0000018ec2cbe290
Event: 16.586 Thread 0x0000018edd162df0 flushing nmethod 0x0000018ec2cc5a90
Event: 16.586 Thread 0x0000018edd162df0 flushing nmethod 0x0000018ec2cc3890
Event: 16.586 Thread 0x0000018edd162df0 flushing nmethod 0x0000018ec2a84e10
Event: 16.586 Thread 0x0000018edd162df0 flushing nmethod 0x0000018ec2c49d90
Event: 16.586 Thread 0x0000018edd162df0 flushing nmethod 0x0000018ec2bf8d10
Event: 16.586 Thread 0x0000018edd162df0 flushing nmethod 0x0000018ec2a17790
Event: 16.586 Thread 0x0000018edd162df0 flushing nmethod 0x0000018ec2bd1790
Event: 16.586 Thread 0x0000018edd162df0 flushing nmethod 0x0000018ec2b4e610
Event: 16.586 Thread 0x0000018edd162df0 flushing nmethod 0x0000018ec2aa2e90
Event: 16.586 Thread 0x0000018edd162df0 flushing nmethod 0x0000018ec2aa0510
Event: 16.586 Thread 0x0000018edd162df0 flushing nmethod 0x0000018ec2a75a90
Event: 16.586 Thread 0x0000018edd162df0 flushing nmethod 0x0000018ec2969f10
Event: 16.586 Thread 0x0000018edd162df0 flushing nmethod 0x0000018ec2740f90
Event: 16.586 Thread 0x0000018edd162df0 flushing nmethod 0x0000018ec2560690
Event: 16.586 Thread 0x0000018edd162df0 flushing nmethod 0x0000018ec27c6c90
Event: 16.586 Thread 0x0000018edd162df0 flushing nmethod 0x0000018ec27c9710
Event: 16.586 Thread 0x0000018edd162df0 flushing nmethod 0x0000018ec2712a10
Event: 16.586 Thread 0x0000018edd162df0 flushing nmethod 0x0000018ec2653290


Dynamic libraries:
0x00007ff6cc7f0000 - 0x00007ff6cc800000 	C:\Program Files\Java\jdk-21\bin\java.exe
0x00007ff937a00000 - 0x00007ff937c65000 	C:\WINDOWS\SYSTEM32\ntdll.dll
0x00007ff936860000 - 0x00007ff936929000 	C:\WINDOWS\System32\KERNEL32.DLL
0x00007ff934d80000 - 0x00007ff935168000 	C:\WINDOWS\System32\KERNELBASE.dll
0x00007ff9352f0000 - 0x00007ff93543b000 	C:\WINDOWS\System32\ucrtbase.dll
0x00007ff8fd870000 - 0x00007ff8fd88b000 	C:\Program Files\Java\jdk-21\bin\VCRUNTIME140.dll
0x00007ff8ff1e0000 - 0x00007ff8ff1f9000 	C:\Program Files\Java\jdk-21\bin\jli.dll
0x00007ff9360d0000 - 0x00007ff936183000 	C:\WINDOWS\System32\ADVAPI32.dll
0x00007ff936d40000 - 0x00007ff936de9000 	C:\WINDOWS\System32\msvcrt.dll
0x00007ff937910000 - 0x00007ff9379b6000 	C:\WINDOWS\System32\sechost.dll
0x00007ff936350000 - 0x00007ff936465000 	C:\WINDOWS\System32\RPCRT4.dll
0x00007ff9371b0000 - 0x00007ff93737a000 	C:\WINDOWS\System32\USER32.dll
0x00007ff91de60000 - 0x00007ff91e0fa000 	C:\WINDOWS\WinSxS\amd64_microsoft.windows.common-controls_6595b64144ccf1df_6.0.26100.4202_none_3e0698d4e335f517\COMCTL32.dll
0x00007ff936070000 - 0x00007ff93609b000 	C:\WINDOWS\System32\GDI32.dll
0x00007ff934b50000 - 0x00007ff934b77000 	C:\WINDOWS\System32\win32u.dll
0x00007ff935440000 - 0x00007ff935577000 	C:\WINDOWS\System32\gdi32full.dll
0x00007ff934b80000 - 0x00007ff934c23000 	C:\WINDOWS\System32\msvcp_win.dll
0x00007ff921c20000 - 0x00007ff921c2b000 	C:\WINDOWS\SYSTEM32\VERSION.dll
0x00007ff936df0000 - 0x00007ff936e20000 	C:\WINDOWS\System32\IMM32.DLL
0x00007ff92a9a0000 - 0x00007ff92a9ac000 	C:\Program Files\Java\jdk-21\bin\vcruntime140_1.dll
0x00007ff8f53a0000 - 0x00007ff8f542e000 	C:\Program Files\Java\jdk-21\bin\msvcp140.dll
0x00007ff898bd0000 - 0x00007ff8998e7000 	C:\Program Files\Java\jdk-21\bin\server\jvm.dll
0x00007ff936a50000 - 0x00007ff936ac4000 	C:\WINDOWS\System32\WS2_32.dll
0x00007ff933790000 - 0x00007ff9337ee000 	C:\WINDOWS\SYSTEM32\POWRPROF.dll
0x00007ff928350000 - 0x00007ff928385000 	C:\WINDOWS\SYSTEM32\WINMM.dll
0x00007ff933770000 - 0x00007ff933784000 	C:\WINDOWS\SYSTEM32\UMPDC.dll
0x00007ff933a30000 - 0x00007ff933a4b000 	C:\WINDOWS\SYSTEM32\kernel.appcore.dll
0x00007ff9114c0000 - 0x00007ff9114ca000 	C:\Program Files\Java\jdk-21\bin\jimage.dll
0x00007ff932370000 - 0x00007ff9325b1000 	C:\WINDOWS\SYSTEM32\DBGHELP.DLL
0x00007ff936470000 - 0x00007ff9367f5000 	C:\WINDOWS\System32\combase.dll
0x00007ff936e40000 - 0x00007ff936f21000 	C:\WINDOWS\System32\OLEAUT32.dll
0x00007ff90c390000 - 0x00007ff90c3c9000 	C:\WINDOWS\SYSTEM32\dbgcore.DLL
0x00007ff935700000 - 0x00007ff935799000 	C:\WINDOWS\System32\bcryptPrimitives.dll
0x00007ff8fd860000 - 0x00007ff8fd86f000 	C:\Program Files\Java\jdk-21\bin\instrument.dll
0x00007ff8fb120000 - 0x00007ff8fb13f000 	C:\Program Files\Java\jdk-21\bin\java.dll
0x00007ff9357b0000 - 0x00007ff935ef2000 	C:\WINDOWS\System32\SHELL32.dll
0x00007ff935580000 - 0x00007ff9356f4000 	C:\WINDOWS\System32\wintypes.dll
0x00007ff932eb0000 - 0x00007ff933708000 	C:\WINDOWS\SYSTEM32\windows.storage.dll
0x00007ff936190000 - 0x00007ff936281000 	C:\WINDOWS\System32\SHCORE.dll
0x00007ff9369e0000 - 0x00007ff936a4a000 	C:\WINDOWS\System32\shlwapi.dll
0x00007ff934a60000 - 0x00007ff934a8f000 	C:\WINDOWS\SYSTEM32\profapi.dll
0x00007ff89c550000 - 0x00007ff89c627000 	C:\Program Files\Java\jdk-21\bin\jsvml.dll
0x00007ff8f5380000 - 0x00007ff8f5398000 	C:\Program Files\Java\jdk-21\bin\zip.dll
0x00007ff8fd850000 - 0x00007ff8fd860000 	C:\Program Files\Java\jdk-21\bin\net.dll
0x00007ff92c580000 - 0x00007ff92c69e000 	C:\WINDOWS\SYSTEM32\WINHTTP.dll
0x00007ff933fa0000 - 0x00007ff93400a000 	C:\WINDOWS\system32\mswsock.dll
0x00007ff8e1270000 - 0x00007ff8e1286000 	C:\Program Files\Java\jdk-21\bin\nio.dll
0x00007ff8fb110000 - 0x00007ff8fb120000 	C:\Program Files\Java\jdk-21\bin\verify.dll
0x00007ff892d50000 - 0x00007ff892d77000 	C:\Users\tqpha\.gradle\native\c067742578af261105cb4f569cf0c3c89f3d7b1fecec35dd04571415982c5e48\windows-amd64\native-platform.dll
0x00007ff89bbc0000 - 0x00007ff89bd04000 	C:\Users\tqpha\.gradle\native\100fb08df4bc3b14c8652ba06237920a3bd2aa13389f12d3474272988ae205f9\windows-amd64\native-platform-file-events.dll
0x00007ff8fa730000 - 0x00007ff8fa73a000 	C:\Program Files\Java\jdk-21\bin\management.dll
0x00007ff8fa5f0000 - 0x00007ff8fa5fb000 	C:\Program Files\Java\jdk-21\bin\management_ext.dll
0x00007ff9357a0000 - 0x00007ff9357a8000 	C:\WINDOWS\System32\PSAPI.DLL
0x00007ff934250000 - 0x00007ff93426b000 	C:\WINDOWS\SYSTEM32\CRYPTSP.dll
0x00007ff933990000 - 0x00007ff9339ca000 	C:\WINDOWS\system32\rsaenh.dll
0x00007ff934040000 - 0x00007ff93406b000 	C:\WINDOWS\SYSTEM32\USERENV.dll
0x00007ff934a30000 - 0x00007ff934a56000 	C:\WINDOWS\SYSTEM32\bcrypt.dll
0x00007ff934270000 - 0x00007ff93427c000 	C:\WINDOWS\SYSTEM32\CRYPTBASE.dll
0x00007ff932b50000 - 0x00007ff932b83000 	C:\WINDOWS\SYSTEM32\IPHLPAPI.DLL
0x00007ff936e30000 - 0x00007ff936e3a000 	C:\WINDOWS\System32\NSI.dll
0x00007ff8f8930000 - 0x00007ff8f8939000 	C:\Program Files\Java\jdk-21\bin\extnet.dll
0x00007ff8f5370000 - 0x00007ff8f537e000 	C:\Program Files\Java\jdk-21\bin\sunmscapi.dll
0x00007ff935170000 - 0x00007ff9352e7000 	C:\WINDOWS\System32\CRYPT32.dll
0x00007ff934470000 - 0x00007ff9344a0000 	C:\WINDOWS\SYSTEM32\ncrypt.dll
0x00007ff934420000 - 0x00007ff93445f000 	C:\WINDOWS\SYSTEM32\NTASN1.dll
0x00007ff90cee0000 - 0x00007ff90cee8000 	C:\WINDOWS\system32\wshunix.dll
0x00007ff8c4d20000 - 0x00007ff8c4d38000 	C:\WINDOWS\system32\napinsp.dll
0x00007ff932bf0000 - 0x00007ff932d17000 	C:\WINDOWS\SYSTEM32\DNSAPI.dll
0x00007ff8bbf70000 - 0x00007ff8bbf82000 	C:\WINDOWS\System32\winrnr.dll
0x00007ff8c75e0000 - 0x00007ff8c7610000 	C:\WINDOWS\system32\nlansp_c.dll
0x00007ff9006f0000 - 0x00007ff900710000 	C:\WINDOWS\system32\wshbth.dll
0x0000000053980000 - 0x00000000539a6000 	C:\Program Files\Bonjour\mdnsNSP.dll
0x00007ff92b580000 - 0x00007ff92b58b000 	C:\Windows\System32\rasadhlp.dll
0x00007ff92dde0000 - 0x00007ff92de66000 	C:\WINDOWS\System32\fwpuclnt.dll

dbghelp: loaded successfully - version: 4.0.5 - missing functions: none
symbol engine: initialized successfully - sym options: 0x614 - pdb path: .;C:\Program Files\Java\jdk-21\bin;C:\WINDOWS\SYSTEM32;C:\WINDOWS\WinSxS\amd64_microsoft.windows.common-controls_6595b64144ccf1df_6.0.26100.4202_none_3e0698d4e335f517;C:\Program Files\Java\jdk-21\bin\server;C:\Users\tqpha\.gradle\native\c067742578af261105cb4f569cf0c3c89f3d7b1fecec35dd04571415982c5e48\windows-amd64;C:\Users\tqpha\.gradle\native\100fb08df4bc3b14c8652ba06237920a3bd2aa13389f12d3474272988ae205f9\windows-amd64;C:\Program Files\Bonjour

VM Arguments:
jvm_args: -XX:MaxMetaspaceSize=4G -XX:ReservedCodeCacheSize=512m -XX:+HeapDumpOnOutOfMemoryError --add-opens=java.base/java.util=ALL-UNNAMED --add-opens=java.base/java.lang=ALL-UNNAMED --add-opens=java.base/java.lang.invoke=ALL-UNNAMED --add-opens=java.prefs/java.util.prefs=ALL-UNNAMED --add-exports=jdk.compiler/com.sun.tools.javac.api=ALL-UNNAMED --add-exports=jdk.compiler/com.sun.tools.javac.util=ALL-UNNAMED --add-opens=java.base/java.nio.charset=ALL-UNNAMED --add-opens=java.base/java.net=ALL-UNNAMED --add-opens=java.base/java.util.concurrent.atomic=ALL-UNNAMED -Xmx8G -Dfile.encoding=utf8 -Duser.country=US -Duser.language=en -Duser.variant -javaagent:C:\Users\tqpha\.gradle\wrapper\dists\gradle-8.10.2-all\7iv73wktx1xtkvlq19urqw1wm\gradle-8.10.2\lib\agents\gradle-instrumentation-agent-8.10.2.jar 
java_command: org.gradle.launcher.daemon.bootstrap.GradleDaemon 8.10.2
java_class_path (initial): C:\Users\tqpha\.gradle\wrapper\dists\gradle-8.10.2-all\7iv73wktx1xtkvlq19urqw1wm\gradle-8.10.2\lib\gradle-daemon-main-8.10.2.jar
Launcher Type: SUN_STANDARD

[Global flags]
     intx CICompilerCount                          = 12                                        {product} {ergonomic}
     uint ConcGCThreads                            = 4                                         {product} {ergonomic}
     uint G1ConcRefinementThreads                  = 15                                        {product} {ergonomic}
   size_t G1HeapRegionSize                         = 4194304                                   {product} {ergonomic}
    uintx GCDrainStackTargetSize                   = 64                                        {product} {ergonomic}
     bool HeapDumpOnOutOfMemoryError               = true                                   {manageable} {command line}
   size_t InitialHeapSize                          = 264241152                                 {product} {ergonomic}
   size_t MarkStackSize                            = 4194304                                   {product} {ergonomic}
   size_t MaxHeapSize                              = 8589934592                                {product} {command line}
   size_t MaxMetaspaceSize                         = 4294967296                                {product} {command line}
   size_t MaxNewSize                               = 5150605312                                {product} {ergonomic}
   size_t MinHeapDeltaBytes                        = 4194304                                   {product} {ergonomic}
   size_t MinHeapSize                              = 8388608                                   {product} {ergonomic}
    uintx NonNMethodCodeHeapSize                   = 7602480                                {pd product} {ergonomic}
    uintx NonProfiledCodeHeapSize                  = 264634216                              {pd product} {ergonomic}
    uintx ProfiledCodeHeapSize                     = 264634216                              {pd product} {ergonomic}
    uintx ReservedCodeCacheSize                    = 536870912                              {pd product} {command line}
     bool SegmentedCodeCache                       = true                                      {product} {ergonomic}
   size_t SoftMaxHeapSize                          = 8589934592                             {manageable} {ergonomic}
     bool UseCompressedOops                        = true                           {product lp64_product} {ergonomic}
     bool UseG1GC                                  = true                                      {product} {ergonomic}
     bool UseLargePagesIndividualAllocation        = false                                  {pd product} {ergonomic}

Logging:
Log output configuration:
 #0: stdout all=warning uptime,level,tags foldmultilines=false
 #1: stderr all=off uptime,level,tags foldmultilines=false

Environment Variables:
JAVA_HOME=C:\Program Files\Java\jdk-21
PATH=C:\Program Files (x86)\VMware\VMware Workstation\bin\;C:\Program Files\Common Files\Oracle\Java\javapath;C:\Program Files (x86)\Common Files\Oracle\Java\java8path;C:\Program Files (x86)\Common Files\Oracle\Java\javapath;C:\Program Files\Common Files\Microsoft Shared\Microsoft Online Services;C:\Program Files (x86)\Common Files\Microsoft Shared\Microsoft Online Services;C:\WINDOWS\system32;C:\WINDOWS;C:\WINDOWS\System32\Wbem;C:\WINDOWS\System32\WindowsPowerShell\v1.0\;C:\WINDOWS\System32\OpenSSH\;C:\Program Files\Microsoft SQL Server\Client SDK\ODBC\170\Tools\Binn\;C:\Program Files\Microsoft SQL Server\120\Tools\Binn\;C:\Program Files\Microsoft SQL Server\Client SDK\ODBC\130\Tools\Binn\;C:\Program Files\Cloudflare\Cloudflare WARP\;C:\Program Files (x86)\Microsoft SQL Server\160\Tools\Binn\;C:\Program Files\Microsoft SQL Server\160\Tools\Binn\;C:\Program Files\Microsoft SQL Server\160\DTS\Binn\;C:\Program Files (x86)\Microsoft SQL Server\160\DTS\Binn\;C:\Program Files\Java\jdk-21\bin;C:\ProgramData\chocolatey\bin;C:\Users\tqpha\AppData\Local\SDK\cmdline-tools\latest\bin;C:\Users\tqpha\AppData\Local\SDK\platform-tools;C:\Users\tqpha\AppData\Local\SDK\emulator;C:\Users\tqpha\AppData\Local\nvm;C:\nvm4w\nodejs;C:\Program Files\Git\cmd;D:\Install\;C:\Program Files\nodejs\;C:\Users\tqpha\AppData\Local\Packages\PythonSoftwareFoundation.Python.3.11_qbz5n2kfra8p0\LocalCache\local-packages\Python311\Scripts;C:\Program Files\apache-maven-3.9.9\bin;C:\Program Files\dotnet\;C:\Program Files (x86)\Windows Kits\10\Windows Performance Toolkit\;C:\ngrok\ngrok.exe;C:\composer;C:\Users\tqpha\AppData\Local\Pandoc;C:\Users\tqpha\AppData\Local\Programs\Python\Python313\Scripts\;C:\Users\tqpha\AppData\Local\Programs\Python\Python313\;C:\Users\tqpha\AppData\Local\Microsoft\WindowsApps;C:\Program Files\Azure Data Studio\bin;C:\Users\tqpha\AppData\Local\Programs\Microsoft VS Code\bin;C:\Users\tqpha\AppData\Local\GitHubDesktop\bin;C:\wamp64\bin\php\php8.3.6;C:\Users\tqpha\AppData\Local\SDK\cmdline-tools\latest\bin;C:\Users\tqpha\AppData\Local\nvm;C:\nvm4w\nodejs;C:\Program Files\nodejs;C:\Users\tqpha\AppData\Roaming\npm;C:\Users\tqpha\AppData\Local\Packages\PythonSoftwareFoundation.Python.3.11_qbz5n2kfra8p0\LocalCache\local-packages\Python311\Scripts;C:\Program Files\JetBrains\IntelliJ IDEA 2024.3.5\bin;;C:\Users\tqpha\.dotnet\tools;C:\Users\tqpha\AppData\Local\flutter\bin;C:\Users\tqpha\AppData\Local\Pub\Cache\bin;C:\Users\tqpha\AppData\Roaming\Composer\vendor\bin;C:\Users\tqpha\AppData\Local\Pandoc\
USERNAME=tqpha
OS=Windows_NT
PROCESSOR_IDENTIFIER=Intel64 Family 6 Model 154 Stepping 3, GenuineIntel
TMP=C:\Users\tqpha\AppData\Local\Temp
TEMP=C:\Users\tqpha\AppData\Local\Temp




Periodic native trim disabled

---------------  S Y S T E M  ---------------

OS:
 Windows 11 , 64 bit Build 26100 (10.0.26100.4202)
OS uptime: 0 days 0:08 hours

CPU: total 20 (initial active 20) (10 cores per cpu, 2 threads per core) family 6 model 154 stepping 3 microcode 0x41b, cx8, cmov, fxsr, ht, mmx, 3dnowpref, sse, sse2, sse3, ssse3, sse4.1, sse4.2, popcnt, lzcnt, tsc, tscinvbit, avx, avx2, aes, erms, clmul, bmi1, bmi2, adx, sha, fma, vzeroupper, clflush, clflushopt, clwb, serialize, rdtscp, rdpid, fsrm, f16c, pku, cet_ibt, cet_ss
Processor Information for processor 0
  Max Mhz: 2300, Current Mhz: 2300, Mhz Limit: 2300
Processor Information for processor 1
  Max Mhz: 2300, Current Mhz: 2300, Mhz Limit: 2300
Processor Information for processor 2
  Max Mhz: 2300, Current Mhz: 2300, Mhz Limit: 2300
Processor Information for processor 3
  Max Mhz: 2300, Current Mhz: 2300, Mhz Limit: 2300
Processor Information for processor 4
  Max Mhz: 2300, Current Mhz: 2300, Mhz Limit: 2300
Processor Information for processor 5
  Max Mhz: 2300, Current Mhz: 2300, Mhz Limit: 2300
Processor Information for processor 6
  Max Mhz: 2300, Current Mhz: 2300, Mhz Limit: 2300
Processor Information for processor 7
  Max Mhz: 2300, Current Mhz: 2300, Mhz Limit: 2300
Processor Information for processor 8
  Max Mhz: 2300, Current Mhz: 2300, Mhz Limit: 2300
Processor Information for processor 9
  Max Mhz: 2300, Current Mhz: 2300, Mhz Limit: 2300
Processor Information for processor 10
  Max Mhz: 2300, Current Mhz: 2300, Mhz Limit: 2300
Processor Information for processor 11
  Max Mhz: 2300, Current Mhz: 2300, Mhz Limit: 2300
Processor Information for processor 12
  Max Mhz: 2300, Current Mhz: 1500, Mhz Limit: 1679
Processor Information for processor 13
  Max Mhz: 2300, Current Mhz: 1700, Mhz Limit: 1679
Processor Information for processor 14
  Max Mhz: 2300, Current Mhz: 1700, Mhz Limit: 1679
Processor Information for processor 15
  Max Mhz: 2300, Current Mhz: 1500, Mhz Limit: 1679
Processor Information for processor 16
  Max Mhz: 2300, Current Mhz: 1500, Mhz Limit: 1679
Processor Information for processor 17
  Max Mhz: 2300, Current Mhz: 1700, Mhz Limit: 1679
Processor Information for processor 18
  Max Mhz: 2300, Current Mhz: 1500, Mhz Limit: 1679
Processor Information for processor 19
  Max Mhz: 2300, Current Mhz: 1500, Mhz Limit: 1679

Memory: 4k page, system-wide physical 16109M (3093M free)
TotalPageFile size 16109M (AvailPageFile size 40M)
current process WorkingSet (physical memory assigned to process): 605M, peak: 605M
current process commit charge ("private bytes"): 671M, peak: 739M

vm_info: Java HotSpot(TM) 64-Bit Server VM (21.0.2+13-LTS-58) for windows-amd64 JRE (21.0.2+13-LTS-58), built on 2024-01-05T18:32:24Z by "mach5one" with MS VC++ 17.1 (VS2022)

END.
